anio,region,total,Micro,Pequeña,Mediana,Grandes
2018-01-01,Artigas,6820,3288,2177,1355,724
2018-01-01,Canelones,68558,28716,19833,20009,15751
2018-01-01,Cerro Largo,8492,3656,2961,1875,2180
2018-01-01,Colonia,23420,10024,7322,6074,6481
2018-01-01,Durazno,6446,2951,2115,1380,2321
2018-01-01,Flores,3382,1628,1243,511,788
2018-01-01,Florida,9803,4267,3110,2426,1189
2018-01-01,Lavalleja,7584,3331,2488,1765,1998
2018-01-01,Maldonado,41428,16125,13764,11539,10232
2018-01-01,Montevideo,328751,112516,100098,116137,223734
2018-01-01,Paysandú,16038,6663,5493,3882,3885
2018-01-01,Rio Negro,7505,3322,2535,1648,1515
2018-01-01,Rivera,10120,4404,3086,2630,2341
2018-01-01,Rocha,11100,5862,3242,1996,1567
2018-01-01,Salto,14451,5285,4470,4696,3395
2018-01-01,San José,14955,6766,4196,3993,4386
2018-01-01,Sin codificar,539,457,82,0,0
2018-01-01,Soriano,11310,4939,3914,2457,2418
2018-01-01,Tacuarembó,9797,4715,3134,1948,2775
2018-01-01,Treinta y Tres,5508,2736,1822,950,793
2019-01-01,Artigas,6762,3362,2109,1291,880
2019-01-01,Canelones,69376,29448,20164,19764,17066
2019-01-01,Cerro Largo,8409,3823,2824,1762,2535
2019-01-01,Colonia,23762,10300,7285,6177,6606
2019-01-01,Durazno,6477,3012,2142,1323,2332
2019-01-01,Flores,3389,1618,1184,587,807
2019-01-01,Florida,9693,4290,3090,2313,1233
2019-01-01,Lavalleja,7692,3440,2451,1801,1846
2019-01-01,Maldonado,41230,16598,13652,10980,10364
2019-01-01,Montevideo,325917,112890,99163,113864,222236
2019-01-01,Paysandú,16450,7145,5383,3922,3457
2019-01-01,Rio Negro,7855,3529,2509,1817,1542
2019-01-01,Rivera,9921,4585,2969,2367,2161
2019-01-01,Rocha,10841,5756,3205,1880,1562
2019-01-01,Salto,14402,5510,4361,4531,3574  
2019-01-01,San José,14703,6787,4205,3711,4414
2019-01-01,Sin codificar,575,481,94,0,0
2019-01-01,Soriano,11257,5098,3746,2413,2414
2019-01-01,Tacuarembó,10259,5021,3056,2182,2579
2019-01-01,Treinta y Tres,5555,2768,1727,1060,765
2020-01-01,Artigas,6378,3409,2016,953,734
2020-01-01,Canelones,66683,29708,19425,17550,15829
2020-01-01,Cerro Largo,7964,3790,2584,1590,1998
2020-01-01,Colonia,22617,10454,6867,5296,6013
2020-01-01,Durazno,6531,3246,1983,1302,2291
2020-01-01,Flores,3335,1606,1092,637,711
2020-01-01,Florida,9603,4345,2898,2360,1069
2020-01-01,Lavalleja,7387,3492,2281,1614,1812
2020-01-01,Maldonado,38137,16832,12734,8571,8286
2020-01-01,Montevideo,303654,112635,90105,100914,200288
2020-01-01,Paysandú,15822,7224,5190,3408,3318
2020-01-01,Rio Negro,7848,3723,2370,1755,1528
2020-01-01,Rivera,9153,4646,2681,1826,1861
2020-01-01,Rocha,10342,5816,2946,1580,1539
2020-01-01,Salto,13750,5639,4218,3893,3381
2020-01-01,San José,14242,6777,4152,3313,4096
2020-01-01,Sin codificar,512,451,61,0,0
2020-01-01,Soriano,10999,5139,3734,2126,2255
2020-01-01,Tacuarembó,10105,5028,2946,2131,2486
2020-01-01,Treinta y Tres,5153,2685,1641,827,776
2021-01-01,Artigas,6880,3465,2082,1333,814
2021-01-01,Canelones,71799,30998,21373,19428,17978
2021-01-01,Cerro Largo,8529,3972,2666,1891,1985
2021-01-01,Colonia,23272,10503,7006,5763,6661
2021-01-01,Durazno,6976,3272,2268,1436,2361
2021-01-01,Flores,3529,1659,1170,700,745
2021-01-01,Florida,10072,4421,3220,2431,1158
2021-01-01,Lavalleja,7591,3556,2372,1663,1811
2021-01-01,Maldonado,40645,17358,13809,9478,8631
2021-01-01,Montevideo,313359,113848,93902,105609,218018
2021-01-01,Paysandú,16559,7276,5236,4047,3471
2021-01-01,Rio Negro,8241,3852,2463,1926,1655
2021-01-01,Rivera,9607,4784,2829,1994,1977
2021-01-01,Rocha,10368,5787,2917,1664,1553
2021-01-01,Salto,14814,5998,4292,4524,3798
2021-01-01,San José,14906,6915,4327,3664,4423
2021-01-01,Sin codificar,493,410,83,0,0
2021-01-01,Soriano,11473,5263,3863,2347,2371
2021-01-01,Tacuarembó,10868,5138,3237,2493,2544
2021-01-01,Treinta y Tres,5343,2729,1811,803,793
2022-01-01,Artigas,7362,3629,2213,1520,959
2022-01-01,Canelones,76640,33560,21919,21161,19625
2022-01-01,Cerro Largo,9204,4317,2861,2026,2036
2022-01-01,Colonia,24852,11154,7577,6121,7007
2022-01-01,Durazno,7360,3455,2401,1504,2478
2022-01-01,Flores,3731,1705,1210,816,736
2022-01-01,Florida,10365,4489,3318,2558,1402
2022-01-01,Lavalleja,7978,3688,2523,1767,1812
2022-01-01,Maldonado,45610,18934,14773,11903,11543
2022-01-01,Montevideo,328685,117687,96891,114107,232164
2022-01-01,Paysandú,17622,7714,5400,4508,3345
2022-01-01,Rio Negro,8647,4045,2552,2050,1711
2022-01-01,Rivera,10120,5220,2882,2018,2237
2022-01-01,Rocha,11269,6165,3330,1774,1611
2022-01-01,Salto,15836,6504,4381,4951,3648
2022-01-01,San José,15771,7357,4484,3930,4579
2022-01-01,Sin codificar,507,421,86,0,0
2022-01-01,Soriano,12145,5406,4039,2700,2623
2022-01-01,Tacuarembó,11392,5459,3219,2714,2810
2022-01-01,Treinta y Tres,5598,2898,1677,1023,810
2023-01-01,Artigas,7667,3714,2248,1705,934
2023-01-01,Canelones,81776,35228,23292,23256,19705
2023-01-01,Cerro Largo,9779,4633,2936,2210,2055
2023-01-01,Colonia,26023,11429,8041,6553,7434
2023-01-01,Durazno,7585,3462,2537,1586,2503
2023-01-01,Flores,3849,1770,1260,819,759
2023-01-01,Florida,10831,4664,3244,2923,1430
2023-01-01,Lavalleja,8051,3744,2639,1668,1866
2023-01-01,Maldonado,49368,20243,15825,13300,12615
2023-01-01,Montevideo,340419,121192,100242,118985,240584
2023-01-01,Paysandú,18017,7976,5429,4612,3413
2023-01-01,Rio Negro,9033,4157,2688,2188,1960
2023-01-01,Rivera,10673,5357,3037,2279,2292
2023-01-01,Rocha,11571,6356,3403,1812,1668
2023-01-01,Salto,16519,6824,4614,5081,3735
2023-01-01,San José,16388,7639,4772,3977,4493
2023-01-01,Sin codificar,510,423,87,0,0
2023-01-01,Soriano,12469,5585,4118,2766,2763
2023-01-01,Tacuarembó,11937,5699,3223,3015,2812
2023-01-01,Treinta y Tres,5834,2973,1729,1132,835
