Total Nacional;Comunidades y Ciudades Autónomas;Provincias;Islas;Indicadores de renta media;Periodo;Total
Total Nacional;Andalucía;;;Índice de Gini;2023;31,3
Total Nacional;Andalucía;;;Índice de Gini;2022;32,0
Total Nacional;Andalucía;;;Índice de Gini;2021;32,1
Total Nacional;Andalucía;;;Índice de Gini;2020;33,0
Total Nacional;Andalucía;;;Índice de Gini;2019;32,7
Total Nacional;Andalucía;;;Índice de Gini;2018;33,6
Total Nacional;Andalucía;;;Índice de Gini;2017;34,5
Total Nacional;Andalucía;;;Índice de Gini;2016;35,7
Total Nacional;Andalucía;;;Índice de Gini;2015;35,8
Total Nacional;Aragón;;;Índice de Gini;2023;28,8
Total Nacional;Aragón;;;Índice de Gini;2022;29,0
Total Nacional;Aragón;;;Índice de Gini;2021;29,1
Total Nacional;Aragón;;;Índice de Gini;2020;29,7
Total Nacional;Aragón;;;Índice de Gini;2019;29,8
Total Nacional;Aragón;;;Índice de Gini;2018;30,2
Total Nacional;Aragón;;;Índice de Gini;2017;30,8
Total Nacional;Aragón;;;Índice de Gini;2016;32,2
Total Nacional;Aragón;;;Índice de Gini;2015;32,0
Total Nacional;Asturias, Principado de;;;Índice de Gini;2023;29,4
Total Nacional;Asturias, Principado de;;;Índice de Gini;2022;29,4
Total Nacional;Asturias, Principado de;;;Índice de Gini;2021;29,6
Total Nacional;Asturias, Principado de;;;Índice de Gini;2020;30,3
Total Nacional;Asturias, Principado de;;;Índice de Gini;2019;30,4
Total Nacional;Asturias, Principado de;;;Índice de Gini;2018;30,9
Total Nacional;Asturias, Principado de;;;Índice de Gini;2017;31,3
Total Nacional;Asturias, Principado de;;;Índice de Gini;2016;31,8
Total Nacional;Asturias, Principado de;;;Índice de Gini;2015;32,0
Total Nacional;Balears, Illes;;;Índice de Gini;2023;30,6
Total Nacional;Balears, Illes;;;Índice de Gini;2022;31,0
Total Nacional;Balears, Illes;;;Índice de Gini;2021;31,7
Total Nacional;Balears, Illes;;;Índice de Gini;2020;32,8
Total Nacional;Balears, Illes;;;Índice de Gini;2019;31,4
Total Nacional;Balears, Illes;;;Índice de Gini;2018;31,9
Total Nacional;Balears, Illes;;;Índice de Gini;2017;32,3
Total Nacional;Balears, Illes;;;Índice de Gini;2016;33,7
Total Nacional;Balears, Illes;;;Índice de Gini;2015;34,0
Total Nacional;Canarias;;;Índice de Gini;2023;31,7
Total Nacional;Canarias;;;Índice de Gini;2022;32,5
Total Nacional;Canarias;;;Índice de Gini;2021;33,2
Total Nacional;Canarias;;;Índice de Gini;2020;33,8
Total Nacional;Canarias;;;Índice de Gini;2019;33,3
Total Nacional;Canarias;;;Índice de Gini;2018;33,9
Total Nacional;Canarias;;;Índice de Gini;2017;34,4
Total Nacional;Canarias;;;Índice de Gini;2016;35,8
Total Nacional;Canarias;;;Índice de Gini;2015;36,1
Total Nacional;Cantabria;;;Índice de Gini;2023;29,0
Total Nacional;Cantabria;;;Índice de Gini;2022;29,2
Total Nacional;Cantabria;;;Índice de Gini;2021;29,4
Total Nacional;Cantabria;;;Índice de Gini;2020;30,1
Total Nacional;Cantabria;;;Índice de Gini;2019;30,0
Total Nacional;Cantabria;;;Índice de Gini;2018;30,4
Total Nacional;Cantabria;;;Índice de Gini;2017;30,9
Total Nacional;Cantabria;;;Índice de Gini;2016;31,8
Total Nacional;Cantabria;;;Índice de Gini;2015;32,1
Total Nacional;Castilla y León;;;Índice de Gini;2023;29,3
Total Nacional;Castilla y León;;;Índice de Gini;2022;29,6
Total Nacional;Castilla y León;;;Índice de Gini;2021;29,5
Total Nacional;Castilla y León;;;Índice de Gini;2020;30,2
Total Nacional;Castilla y León;;;Índice de Gini;2019;30,0
Total Nacional;Castilla y León;;;Índice de Gini;2018;30,4
Total Nacional;Castilla y León;;;Índice de Gini;2017;31,1
Total Nacional;Castilla y León;;;Índice de Gini;2016;32,1
Total Nacional;Castilla y León;;;Índice de Gini;2015;32,2
Total Nacional;Castilla - La Mancha;;;Índice de Gini;2023;30,1
Total Nacional;Castilla - La Mancha;;;Índice de Gini;2022;30,4
Total Nacional;Castilla - La Mancha;;;Índice de Gini;2021;30,6
Total Nacional;Castilla - La Mancha;;;Índice de Gini;2020;31,2
Total Nacional;Castilla - La Mancha;;;Índice de Gini;2019;31,1
Total Nacional;Castilla - La Mancha;;;Índice de Gini;2018;31,7
Total Nacional;Castilla - La Mancha;;;Índice de Gini;2017;32,4
Total Nacional;Castilla - La Mancha;;;Índice de Gini;2016;33,6
Total Nacional;Castilla - La Mancha;;;Índice de Gini;2015;34,1
Total Nacional;Cataluña;;;Índice de Gini;2023;31,4
Total Nacional;Cataluña;;;Índice de Gini;2022;31,7
Total Nacional;Cataluña;;;Índice de Gini;2021;31,9
Total Nacional;Cataluña;;;Índice de Gini;2020;32,3
Total Nacional;Cataluña;;;Índice de Gini;2019;32,3
Total Nacional;Cataluña;;;Índice de Gini;2018;32,7
Total Nacional;Cataluña;;;Índice de Gini;2017;33,2
Total Nacional;Cataluña;;;Índice de Gini;2016;34,1
Total Nacional;Cataluña;;;Índice de Gini;2015;34,4
Total Nacional;Comunitat Valenciana;;;Índice de Gini;2023;31,8
Total Nacional;Comunitat Valenciana;;;Índice de Gini;2022;31,9
Total Nacional;Comunitat Valenciana;;;Índice de Gini;2021;31,9
Total Nacional;Comunitat Valenciana;;;Índice de Gini;2020;32,6
Total Nacional;Comunitat Valenciana;;;Índice de Gini;2019;32,7
Total Nacional;Comunitat Valenciana;;;Índice de Gini;2018;33,5
Total Nacional;Comunitat Valenciana;;;Índice de Gini;2017;34,2
Total Nacional;Comunitat Valenciana;;;Índice de Gini;2016;35,4
Total Nacional;Comunitat Valenciana;;;Índice de Gini;2015;35,8
Total Nacional;Extremadura;;;Índice de Gini;2023;29,3
Total Nacional;Extremadura;;;Índice de Gini;2022;29,8
Total Nacional;Extremadura;;;Índice de Gini;2021;30,0
Total Nacional;Extremadura;;;Índice de Gini;2020;31,1
Total Nacional;Extremadura;;;Índice de Gini;2019;30,9
Total Nacional;Extremadura;;;Índice de Gini;2018;31,8
Total Nacional;Extremadura;;;Índice de Gini;2017;32,4
Total Nacional;Extremadura;;;Índice de Gini;2016;33,5
Total Nacional;Extremadura;;;Índice de Gini;2015;33,7
Total Nacional;Galicia;;;Índice de Gini;2023;29,0
Total Nacional;Galicia;;;Índice de Gini;2022;29,3
Total Nacional;Galicia;;;Índice de Gini;2021;29,2
Total Nacional;Galicia;;;Índice de Gini;2020;29,7
Total Nacional;Galicia;;;Índice de Gini;2019;29,9
Total Nacional;Galicia;;;Índice de Gini;2018;30,4
Total Nacional;Galicia;;;Índice de Gini;2017;31,0
Total Nacional;Galicia;;;Índice de Gini;2016;31,7
Total Nacional;Galicia;;;Índice de Gini;2015;31,9
Total Nacional;Madrid, Comunidad de;;;Índice de Gini;2023;35,1
Total Nacional;Madrid, Comunidad de;;;Índice de Gini;2022;35,3
Total Nacional;Madrid, Comunidad de;;;Índice de Gini;2021;35,2
Total Nacional;Madrid, Comunidad de;;;Índice de Gini;2020;35,9
Total Nacional;Madrid, Comunidad de;;;Índice de Gini;2019;35,8
Total Nacional;Madrid, Comunidad de;;;Índice de Gini;2018;36,3
Total Nacional;Madrid, Comunidad de;;;Índice de Gini;2017;36,7
Total Nacional;Madrid, Comunidad de;;;Índice de Gini;2016;37,4
Total Nacional;Madrid, Comunidad de;;;Índice de Gini;2015;37,4
Total Nacional;Murcia, Región de;;;Índice de Gini;2023;31,1
Total Nacional;Murcia, Región de;;;Índice de Gini;2022;31,4
Total Nacional;Murcia, Región de;;;Índice de Gini;2021;31,4
Total Nacional;Murcia, Región de;;;Índice de Gini;2020;31,7
Total Nacional;Murcia, Región de;;;Índice de Gini;2019;31,8
Total Nacional;Murcia, Región de;;;Índice de Gini;2018;32,3
Total Nacional;Murcia, Región de;;;Índice de Gini;2017;32,8
Total Nacional;Murcia, Región de;;;Índice de Gini;2016;34,2
Total Nacional;Murcia, Región de;;;Índice de Gini;2015;34,6
Total Nacional;Navarra, Comunidad Foral de;;;Índice de Gini;2023;30,9
Total Nacional;Navarra, Comunidad Foral de;;;Índice de Gini;2022;31,0
Total Nacional;Navarra, Comunidad Foral de;;;Índice de Gini;2021;33,0
Total Nacional;Navarra, Comunidad Foral de;;;Índice de Gini;2020;""
Total Nacional;Navarra, Comunidad Foral de;;;Índice de Gini;2019;""
Total Nacional;Navarra, Comunidad Foral de;;;Índice de Gini;2018;""
Total Nacional;Navarra, Comunidad Foral de;;;Índice de Gini;2017;""
Total Nacional;Navarra, Comunidad Foral de;;;Índice de Gini;2016;""
Total Nacional;Navarra, Comunidad Foral de;;;Índice de Gini;2015;""
Total Nacional;País Vasco;;;Índice de Gini;2023;28,8
Total Nacional;País Vasco;;;Índice de Gini;2022;31,0
Total Nacional;País Vasco;;;Índice de Gini;2021;30,9
Total Nacional;País Vasco;;;Índice de Gini;2020;31,3
Total Nacional;País Vasco;;;Índice de Gini;2019;..
Total Nacional;País Vasco;;;Índice de Gini;2018;..
Total Nacional;País Vasco;;;Índice de Gini;2017;..
Total Nacional;País Vasco;;;Índice de Gini;2016;""
Total Nacional;País Vasco;;;Índice de Gini;2015;..
Total Nacional;Rioja, La;;;Índice de Gini;2023;29,7
Total Nacional;Rioja, La;;;Índice de Gini;2022;29,8
Total Nacional;Rioja, La;;;Índice de Gini;2021;29,9
Total Nacional;Rioja, La;;;Índice de Gini;2020;30,7
Total Nacional;Rioja, La;;;Índice de Gini;2019;30,9
Total Nacional;Rioja, La;;;Índice de Gini;2018;31,4
Total Nacional;Rioja, La;;;Índice de Gini;2017;32,0
Total Nacional;Rioja, La;;;Índice de Gini;2016;32,8
Total Nacional;Rioja, La;;;Índice de Gini;2015;32,9
Total Nacional;Ceuta;;;Índice de Gini;2023;39,9
Total Nacional;Ceuta;;;Índice de Gini;2022;40,6
Total Nacional;Ceuta;;;Índice de Gini;2021;40,5
Total Nacional;Ceuta;;;Índice de Gini;2020;42,3
Total Nacional;Ceuta;;;Índice de Gini;2019;42,4
Total Nacional;Ceuta;;;Índice de Gini;2018;42,9
Total Nacional;Ceuta;;;Índice de Gini;2017;43,3
Total Nacional;Ceuta;;;Índice de Gini;2016;43,6
Total Nacional;Ceuta;;;Índice de Gini;2015;43,2
Total Nacional;Melilla;;;Índice de Gini;2023;39,6
Total Nacional;Melilla;;;Índice de Gini;2022;39,9
Total Nacional;Melilla;;;Índice de Gini;2021;40,3
Total Nacional;Melilla;;;Índice de Gini;2020;42,4
Total Nacional;Melilla;;;Índice de Gini;2019;42,5
Total Nacional;Melilla;;;Índice de Gini;2018;43,3
Total Nacional;Melilla;;;Índice de Gini;2017;44,1
Total Nacional;Melilla;;;Índice de Gini;2016;44,6
Total Nacional;Melilla;;;Índice de Gini;2015;44,8
