anio,departamento,tramo,contribucion_po,contribucion_vtas,n_empresas,n_muertes,n_nace,tm,tn,ts1
2022,Artigas,Micro,40.6744308,19.5004349,2687,470,561,17.4916263,20.8783029,82.5083737
2022,Artigas,Pequeñas,24.1513004,27.1975918,266,2,6,0.7518797,2.2556391,99.2481203
2022,Artigas,Medianas,19.242548,33.5771561,52,NA,NA,NA,NA,100
2022,Artigas,Grandes,15.931716,19.7248173,3,NA,NA,NA,NA,NA
2022,Canelones,Micro,33.2388039,8.1997614,24218,4063,5479,16.7767776,22.6236683,83.2232224
2022,Canelones,Pequeñas,20.9432907,10.3251104,2557,34,30,1.3296832,1.1732499,98.6703168
2022,Canelones,Medianas,22.9595509,23.3198433,597,2,3,0.3350084,0.5025126,99.6649916
2022,Canelones,Grandes,22.8583527,58.1552811,76,NA,NA,NA,NA,NA
2022,Cerro Largo,Micro,34.1437378,14.9179363,3289,518,697,15.7494679,21.1918516,84.2505321
2022,Cerro Largo,Pequeñas,23.8038731,19.2116394,315,3,6,0.952381,1.9047619,99.047619
2022,Cerro Largo,Medianas,19.2185974,29.4484596,46,NA,1,NA,2.173913,100
2022,Cerro Largo,Grandes,22.8337936,36.4219666,5,NA,NA,NA,NA,NA
2022,Colonia,Micro,33.4291039,4.7673645,7935,1200,1601,15.1228733,20.1764335,84.8771267
2022,Colonia,Pequeñas,21.5911121,7.2663255,893,7,6,0.7838746,0.6718925,99.2161254
2022,Colonia,Medianas,21.0225124,13.2778225,176,NA,NA,NA,NA,100
2022,Colonia,Grandes,23.9572773,74.6884842,22,NA,NA,NA,NA,NA
2022,Durazno,Micro,31.7000771,5.920639,2411,406,449,16.8394857,18.622978,83.1605143
2022,Durazno,Pequeñas,22.609705,9.7814932,278,5,5,1.7985612,1.7985612,98.2014388
2022,Durazno,Medianas,16.2708931,15.705348,35,NA,NA,NA,NA,100
2022,Durazno,Grandes,29.4193287,68.5925217,7,NA,NA,NA,NA,NA
2022,Flores,Micro,37.1868782,9.1944103,1248,186,233,14.9038462,18.6698718,85.0961538
2022,Flores,Pequeñas,24.6620274,15.8058443,152,2,1,1.3157895,0.6578947,98.6842105
2022,Flores,Medianas,17.9423466,21.4799957,28,NA,NA,NA,NA,100
2022,Flores,Grandes,20.2087479,53.5197487,4,NA,NA,NA,NA,NA
2022,Florida,Micro,36.9568253,9.1992979,3233,514,569,15.8985462,17.5997526,84.1014538
2022,Florida,Pequeñas,24.4540958,16.4473572,383,3,4,0.7832898,1.0443864,99.2167102
2022,Florida,Medianas,22.993906,34.6560211,71,1,NA,1.4084507,NA,98.5915493
2022,Florida,Grandes,15.5951719,39.6973267,5,NA,NA,NA,NA,NA
2022,Lavalleja,Micro,36.7417526,14.9587936,2593,399,502,15.387582,19.3598149,84.612418
2022,Lavalleja,Pequeñas,21.9967823,18.2721577,290,2,2,0.6896552,0.6896552,99.3103448
2022,Lavalleja,Medianas,19.4048233,30.4097939,51,1,1,1.9607843,1.9607843,98.0392157
2022,Lavalleja,Grandes,21.8566418,36.3592567,6,NA,NA,NA,NA,NA
2022,Maldonado,Micro,31.0018425,11.7464104,13551,2387,3409,17.6149362,25.156815,82.3850638
2022,Maldonado,Pequeñas,23.6619492,16.6397209,1601,35,38,2.1861337,2.3735166,97.8138663
2022,Maldonado,Medianas,21.9670849,28.2793999,331,NA,1,NA,0.3021148,100
2022,Maldonado,Grandes,23.3691254,43.334465,32,1,NA,NA,NA,NA
2022,Montevideo,Micro,20.6452942,1.7978581,84276,14077,17840,16.7034506,21.1685415,83.2965494
2022,Montevideo,Pequeñas,16.1552944,2.7596989,11079,163,166,1.4712519,1.4983302,98.5287481
2022,Montevideo,Medianas,20.1871586,8.2305765,3007,10,23,0.3325574,0.7648819,99.6674426
2022,Montevideo,Grandes,43.0122528,87.2118683,650,3,1,NA,NA,NA
2022,Paysandú,Micro,33.5013351,9.5067863,5622,947,1200,16.8445393,21.3447172,83.1554607
2022,Paysandú,Pequeñas,23.3641624,14.3888788,624,13,6,2.0833333,0.9615385,97.9166667
2022,Paysandú,Medianas,20.5949974,23.6686058,130,2,NA,1.5384615,NA,98.4615385
2022,Paysandú,Grandes,22.5395012,52.4357338,11,NA,NA,NA,NA,NA
2022,Río Negro,Micro,35.302227,5.8465514,3051,583,724,19.108489,23.7299246,80.891511
2022,Río Negro,Pequeñas,22.3063755,9.6014805,297,3,3,1.010101,1.010101,98.989899
2022,Río Negro,Medianas,21.2388706,23.9760551,55,NA,NA,NA,NA,100
2022,Río Negro,Grandes,21.1525211,60.5759125,9,NA,NA,NA,NA,NA
2022,Rivera,Micro,37.6048851,12.7499428,3939,744,934,18.8880427,23.7116019,81.1119573
2022,Rivera,Pequeñas,21.5861568,12.9068594,332,5,1,1.5060241,0.3012048,98.4939759
2022,Rivera,Medianas,19.1949062,21.8166637,63,2,NA,3.1746032,NA,96.8253968
2022,Rivera,Grandes,21.6140499,52.5265388,7,NA,NA,NA,NA,NA
2022,Rocha,Micro,43.4811249,15.4850178,4342,871,1041,20.0598802,23.9751267,79.9401198
2022,Rocha,Pequeñas,22.5688419,20.6088562,358,4,6,1.1173184,1.6759777,98.8826816
2022,Rocha,Medianas,17.4819469,27.7328968,52,NA,NA,NA,NA,100
2022,Rocha,Grandes,16.4680882,36.1732292,3,NA,NA,NA,NA,NA
2022,Salto,Micro,29.514595,11.7846041,4877,915,1208,18.7615337,24.7693254,81.2384663
2022,Salto,Pequeñas,20.4161415,16.6274109,496,9,6,1.8145161,1.2096774,98.1854839
2022,Salto,Medianas,24.6035748,27.3673973,136,3,NA,2.2058824,NA,97.7941176
2022,Salto,Grandes,25.4656868,44.2205887,15,NA,1,NA,NA,NA
2022,San José,Micro,34.5486145,9.4740429,5213,840,1077,16.1135622,20.6598887,83.8864378
2022,San José,Pequeñas,21.1191483,14.5690184,535,4,9,0.7476636,1.682243,99.2523364
2022,San José,Medianas,19.762167,25.3834229,104,NA,NA,NA,NA,100
2022,San José,Grandes,24.5700665,50.573513,15,NA,NA,NA,NA,NA
2022,Soriano,Micro,35.6499634,6.4897089,3892,581,693,14.9280576,17.8057554,85.0719424
2022,Soriano,Pequeñas,25.1786098,11.1625805,465,9,4,1.9354839,0.8602151,98.0645161
2022,Soriano,Medianas,18.657526,19.4846745,78,NA,NA,NA,NA,100
2022,Soriano,Grandes,20.5139046,62.8630371,10,NA,NA,NA,NA,NA
2022,Tacuarembó,Micro,33.7608566,11.3910246,4124,712,876,17.2647915,21.2415131,82.7352085
2022,Tacuarembó,Pequeñas,20.5332108,15.1670294,388,4,4,1.0309278,1.0309278,98.9690722
2022,Tacuarembó,Medianas,19.0062618,21.8256111,68,NA,NA,NA,NA,100
2022,Tacuarembó,Grandes,26.6996727,51.616333,8,NA,NA,NA,NA,NA
2022,Treinta y Tres,Micro,41.3598022,14.8070107,2116,368,455,17.3913043,21.5028355,82.6086957
2022,Treinta y Tres,Pequeñas,23.6020298,20.5384121,220,6,3,2.7272727,1.3636364,97.2727273
2022,Treinta y Tres,Medianas,18.4373913,29.6612473,32,1,NA,3.125,NA,96.875
2022,Treinta y Tres,Grandes,16.6007748,34.9933281,3,NA,NA,NA,NA,NA
2021,Artigas,Micro,35.3853989,20.6368637,2509,360,508,14.348346,20.2471104,85.651654
2021,Artigas,Pequeñas,26.5551987,26.3653164,251,10,10,3.9840637,3.9840637,96.0159363
2021,Artigas,Medianas,21.1244774,34.4482002,48,NA,3,NA,6.25,100
2021,Artigas,Grandes,16.934927,18.5496178,2,NA,NA,NA,NA,NA
2021,Canelones,Micro,29.0910435,7.7739463,22141,3368,4929,15.2115984,22.2618671,84.7884016
2021,Canelones,Pequeñas,24.6902981,10.4894114,2522,101,121,4.0047581,4.7977795,95.9952419
2021,Canelones,Medianas,22.4195976,25.7193756,557,8,11,1.4362657,1.9748654,98.5637343
2021,Canelones,Grandes,23.7990589,56.0172691,69,NA,NA,NA,NA,NA
2021,Cerro Largo,Micro,29.3286095,13.4536476,3013,408,661,13.5413209,21.9382675,86.4586791
2021,Cerro Largo,Pequeñas,25.6907959,17.7882519,304,10,8,3.2894737,2.6315789,96.7105263
2021,Cerro Largo,Medianas,17.3755093,27.8825531,48,1,NA,2.0833333,NA,97.9166667
2021,Cerro Largo,Grandes,27.6050835,40.8755455,5,NA,NA,NA,NA,NA
2021,Colonia,Micro,29.5907574,6.6844625,7390,1012,1357,13.6941813,18.3626522,86.3058187
2021,Colonia,Pequeñas,25.1938305,9.9761639,873,28,26,3.207331,2.978236,96.792669
2021,Colonia,Medianas,20.5682735,16.806757,174,6,7,3.4482759,4.0229885,96.5517241
2021,Colonia,Grandes,24.6471405,66.5326157,21,NA,NA,NA,NA,NA
2021,Durazno,Micro,28.8184605,5.9881649,2302,336,429,14.5960035,18.6359687,85.4039965
2021,Durazno,Pequeñas,24.6659565,9.0849457,266,7,12,2.6315789,4.5112782,97.3684211
2021,Durazno,Medianas,17.6545372,14.434864,44,NA,2,NA,4.5454545,100
2021,Durazno,Grandes,28.8610516,70.4920273,6,NA,NA,NA,NA,NA
2021,Flores,Micro,31.520689,11.2072134,1225,195,269,15.9183673,21.9591837,84.0816327
2021,Flores,Pequeñas,27.9943905,17.2454815,141,2,3,1.4184397,2.1276596,98.5815603
2021,Flores,Medianas,17.9868145,22.7950344,23,NA,NA,NA,NA,100
2021,Flores,Grandes,22.4981098,48.7522697,4,NA,NA,NA,NA,NA
2021,Florida,Micro,31.8359261,9.3918781,3110,435,603,13.9871383,19.3890675,86.0128617
2021,Florida,Pequeñas,27.4067764,16.8130779,379,11,17,2.9023747,4.4854881,97.0976253
2021,Florida,Medianas,22.5304489,31.1191616,68,NA,NA,NA,NA,100
2021,Florida,Grandes,18.2268486,42.6758804,4,NA,NA,NA,NA,NA
2021,Lavalleja,Micro,31.8485947,12.6512241,2416,317,389,13.1208609,16.1009934,86.8791391
2021,Lavalleja,Pequeñas,26.2681446,16.6089573,290,11,14,3.7931034,4.8275862,96.2068966
2021,Lavalleja,Medianas,18.7367687,27.7832928,50,NA,NA,NA,NA,100
2021,Lavalleja,Grandes,23.1464901,42.9565239,6,NA,NA,NA,NA,NA
2021,Maldonado,Micro,28.2108345,11.9752512,11987,1849,2804,15.4250438,23.392008,84.5749562
2021,Maldonado,Pequeñas,27.7474918,16.9768505,1626,78,105,4.797048,6.4575646,95.202952
2021,Maldonado,Medianas,21.8650093,29.5135288,277,2,6,0.7220217,2.166065,99.2779783
2021,Maldonado,Grandes,22.1766644,41.5343704,21,NA,NA,NA,NA,NA
2021,Montevideo,Micro,18.0045738,1.6682917,80569,13118,16837,16.2816964,20.8976157,83.7183036
2021,Montevideo,Pequeñas,18.3449116,2.7787769,10890,338,389,3.1037649,3.5720845,96.8962351
2021,Montevideo,Medianas,20.6979008,8.3141785,2904,36,64,1.2396694,2.2038567,98.7603306
2021,Montevideo,Grandes,42.9526176,87.2387543,636,8,9,NA,NA,NA
2021,Paysandú,Micro,30.4430218,9.7794256,5188,746,1012,14.3793369,19.5065536,85.6206631
2021,Paysandú,Pequeñas,26.8753529,15.5245047,629,28,25,4.4515103,3.9745628,95.5484897
2021,Paysandú,Medianas,21.7422142,23.038475,125,1,1,0.8,0.8,99.2
2021,Paysandú,Grandes,20.9394169,51.6576004,12,NA,NA,NA,NA,NA
2021,Río Negro,Micro,32.1187019,5.621295,2799,457,635,16.3272597,22.6866738,83.6727403
2021,Río Negro,Pequeñas,25.676569,9.2523813,286,7,11,2.4475524,3.8461538,97.5524476
2021,Río Negro,Medianas,22.3700123,22.3134518,59,3,4,5.0847458,6.779661,94.9152542
2021,Río Negro,Grandes,19.8347206,62.8128738,10,NA,NA,NA,NA,NA
2021,Rivera,Micro,31.9434528,12.0231609,3600,591,820,16.4166667,22.7777778,83.5833333
2021,Rivera,Pequeñas,23.9472523,13.1747198,337,13,15,3.8575668,4.4510386,96.1424332
2021,Rivera,Medianas,19.8512936,24.296978,57,NA,NA,NA,NA,100
2021,Rivera,Grandes,24.2579994,50.505146,6,NA,NA,NA,NA,NA
2021,Rocha,Micro,37.6952591,15.1334524,3963,697,849,17.5876861,21.4231643,82.4123139
2021,Rocha,Pequeñas,27.3939304,23.3472137,391,17,16,4.3478261,4.0920716,95.6521739
2021,Rocha,Medianas,17.5604305,29.8881264,53,2,2,3.7735849,3.7735849,96.2264151
2021,Rocha,Grandes,17.3503799,31.6312065,3,NA,NA,NA,NA,NA
2021,Salto,Micro,26.2920513,10.649826,4361,683,1007,15.6615455,23.0910342,84.3384545
2021,Salto,Pequeñas,23.502634,15.8951874,514,26,20,5.0583658,3.8910506,94.9416342
2021,Salto,Medianas,24.6872005,26.4167576,128,2,4,1.5625,3.125,98.4375
2021,Salto,Grandes,25.5181198,47.0382309,14,NA,NA,NA,NA,NA
2021,San José,Micro,30.2486248,9.3319283,4854,703,918,14.4829007,18.9122373,85.5170993
2021,San José,Pequeñas,24.5159283,14.9815722,524,14,18,2.6717557,3.4351145,97.3282443
2021,San José,Medianas,20.7599392,26.972971,100,3,1,3,1,97
2021,San José,Grandes,24.4755077,48.7135315,14,NA,NA,NA,NA,NA
2021,Soriano,Micro,31.9277992,7.4510002,3723,495,674,13.2957293,18.1036798,86.7042707
2021,Soriano,Pequeñas,29.1224594,13.2383242,451,14,13,3.1042129,2.8824834,96.8957871
2021,Soriano,Medianas,18.5585175,20.5854797,74,1,1,1.3513514,1.3513514,98.6486486
2021,Soriano,Grandes,20.3912239,58.725193,10,NA,1,NA,NA,NA
2021,Tacuarembó,Micro,30.1369648,10.4315453,3817,561,735,14.6974063,19.2559602,85.3025937
2021,Tacuarembó,Pequeñas,24.1108952,14.5261011,398,17,17,4.2713568,4.2713568,95.7286432
2021,Tacuarembó,Medianas,17.9921494,21.7153797,63,2,2,3.1746032,3.1746032,96.8253968
2021,Tacuarembó,Grandes,27.7599888,53.3269768,6,NA,NA,NA,NA,NA
2021,Treinta y Tres,Micro,35.6005363,13.6089811,1965,291,366,14.8091603,18.6259542,85.1908397
2021,Treinta y Tres,Pequeñas,29.0400143,18.9195232,224,9,10,4.0178571,4.4642857,95.9821429
2021,Treinta y Tres,Medianas,16.8831978,35.5224953,26,NA,NA,NA,NA,100
2021,Treinta y Tres,Grandes,18.4762516,31.9489975,3,NA,NA,NA,NA,NA
2020,Artigas,Micro,38.2566528,20.8324203,2404,428,438,17.8036606,18.2196339,82.1963394
2020,Artigas,Pequeñas,29.2378731,23.7561092,280,2,2,0.7142857,0.7142857,99.2857143
2020,Artigas,Medianas,20.3220158,35.4363708,32,NA,NA,NA,NA,100
2020,Artigas,Grandes,12.1834583,19.9751015,2,NA,NA,NA,NA,NA
2020,Canelones,Micro,29.9614658,7.9421868,20566,3560,3948,17.3101235,19.1967325,82.6898765
2020,Canelones,Pequeñas,25.4364319,10.9466562,2637,69,57,2.6166098,2.1615472,97.3833902
2020,Canelones,Medianas,23.0374584,29.5453415,495,5,2,1.010101,0.4040404,98.989899
2020,Canelones,Grandes,21.5646458,51.565815,61,NA,1,NA,NA,NA
2020,Cerro Largo,Micro,30.4402809,14.1514626,2791,466,516,16.6965245,18.4879971,83.3034755
2020,Cerro Largo,Pequeñas,27.7783833,18.2091789,322,6,4,1.863354,1.242236,98.136646
2020,Cerro Largo,Medianas,17.2933731,26.8755779,47,1,NA,2.1276596,NA,97.8723404
2020,Cerro Largo,Grandes,24.4879646,40.7637825,6,NA,NA,NA,NA,NA
2020,Colonia,Micro,30.242939,9.0812407,7185,1233,1346,17.1607516,18.7334725,82.8392484
2020,Colonia,Pequeñas,26.0999889,13.1645212,940,15,8,1.5957447,0.8510638,98.4042553
2020,Colonia,Medianas,20.7463932,23.426218,157,NA,2,NA,1.2738854,100
2020,Colonia,Grandes,22.9106808,54.3280182,19,NA,NA,NA,NA,NA
2020,Durazno,Micro,30.9166393,7.1844549,2173,333,448,15.3244363,20.616659,84.6755637
2020,Durazno,Pequeñas,25.0689983,10.4810066,292,5,5,1.7123288,1.7123288,98.2876712
2020,Durazno,Medianas,18.4505634,14.5235443,40,NA,1,NA,2.5,100
2020,Durazno,Grandes,25.563797,67.810997,6,NA,NA,NA,NA,NA
2020,Flores,Micro,32.40802,11.029563,1129,186,196,16.4747564,17.360496,83.5252436
2020,Flores,Pequeñas,29.5992985,18.636507,153,NA,5,NA,3.2679739,100
2020,Flores,Medianas,17.7801342,21.721077,21,NA,NA,NA,NA,100
2020,Flores,Grandes,20.2125511,48.6128502,4,NA,NA,NA,NA,NA
2020,Florida,Micro,34.5424423,10.4206352,3001,515,560,17.1609464,18.6604465,82.8390536
2020,Florida,Pequeñas,30.124918,17.7202911,394,10,5,2.5380711,1.2690355,97.4619289
2020,Florida,Medianas,23.4419174,38.0813942,67,NA,NA,NA,NA,100
2020,Florida,Grandes,11.8907242,33.7776833,2,NA,NA,NA,NA,NA
2020,Lavalleja,Micro,33.2590599,15.0573282,2359,356,383,15.0911403,16.2356931,84.9088597
2020,Lavalleja,Pequeñas,27.9748936,19.6530018,312,6,2,1.9230769,0.6410256,98.0769231
2020,Lavalleja,Medianas,18.8285275,27.3987198,49,1,NA,2.0408163,NA,97.9591837
2020,Lavalleja,Grandes,19.9375172,37.8909492,6,NA,NA,NA,NA,NA
2020,Maldonado,Micro,27.7181721,11.8492165,11401,2260,2283,19.8228226,20.0245592,80.1771774
2020,Maldonado,Pequeñas,26.9973202,16.5344601,1571,43,25,2.7371101,1.5913431,97.2628899
2020,Maldonado,Medianas,23.844471,32.9273758,245,2,1,0.8163265,0.4081633,99.1836735
2020,Maldonado,Grandes,21.4400368,38.6889534,21,NA,NA,NA,NA,NA
2020,Montevideo,Micro,18.2501259,1.4727435,76414,13767,13201,18.0163321,17.2756301,81.9836679
2020,Montevideo,Pequeñas,18.8715229,2.9856491,11966,269,208,2.2480361,1.7382584,97.7519639
2020,Montevideo,Medianas,21.073698,9.5150537,2729,21,17,0.7695126,0.6229388,99.2304874
2020,Montevideo,Grandes,41.8046494,86.0265503,574,3,1,NA,NA,NA
2020,Paysandú,Micro,31.5351791,9.621973,5015,882,1024,17.5872383,20.4187438,82.4127617
2020,Paysandú,Pequeñas,28.283287,15.0907488,674,18,6,2.6706231,0.8902077,97.3293769
2020,Paysandú,Medianas,21.352972,23.9160995,108,NA,1,NA,0.9259259,100
2020,Paysandú,Grandes,18.828558,51.3711739,11,NA,1,NA,NA,NA
2020,Río Negro,Micro,32.6848907,5.666254,2599,465,587,17.8914967,22.5856098,82.1085033
2020,Río Negro,Pequeñas,26.8799629,8.4129944,316,6,8,1.8987342,2.5316456,98.1012658
2020,Río Negro,Medianas,21.8567619,21.8361263,49,2,NA,4.0816327,NA,95.9183673
2020,Río Negro,Grandes,18.5783882,64.0846252,9,NA,NA,NA,NA,NA
2020,Rivera,Micro,32.5679588,12.8979311,3387,622,707,18.3643342,20.8739297,81.6356658
2020,Rivera,Pequeñas,25.5977287,13.5943527,365,13,5,3.5616438,1.369863,96.4383562
2020,Rivera,Medianas,20.1072865,24.9204712,51,NA,NA,NA,NA,100
2020,Rivera,Grandes,21.7270241,48.5872459,5,NA,NA,NA,NA,NA
2020,Rocha,Micro,37.5908127,14.5369329,3914,802,810,20.4905468,20.6949412,79.5094532
2020,Rocha,Pequeñas,29.4653187,20.6250019,384,8,9,2.0833333,2.34375,97.9166667
2020,Rocha,Medianas,18.5405216,28.9817753,53,1,1,1.8867925,1.8867925,98.1132075
2020,Rocha,Grandes,14.4033432,35.8562927,3,NA,NA,NA,NA,NA
2020,Salto,Micro,26.7049255,11.3404522,4020,707,846,17.5870647,21.0447761,82.4129353
2020,Salto,Pequeñas,25.6140804,15.6684017,543,7,14,1.2891344,2.5782689,98.7108656
2020,Salto,Medianas,24.4311771,28.3029976,113,NA,1,NA,0.8849558,100
2020,Salto,Grandes,23.249815,44.6881447,13,NA,NA,NA,NA,NA
2020,San José,Micro,31.1992168,10.1787338,4656,761,805,16.3445017,17.2895189,83.6554983
2020,San José,Pequeñas,25.0140095,15.0008917,573,13,12,2.2687609,2.0942408,97.7312391
2020,San José,Medianas,21.679184,28.4677753,85,NA,NA,NA,NA,100
2020,San José,Grandes,22.1075935,46.3526001,14,NA,NA,NA,NA,NA
2020,Soriano,Micro,32.8605003,7.8825769,3511,516,611,14.6966676,17.4024494,85.3033324
2020,Soriano,Pequeñas,30.0001392,13.9518013,511,5,9,0.9784736,1.7612524,99.0215264
2020,Soriano,Medianas,17.9772835,22.0804501,65,NA,1,NA,1.5384615,100
2020,Soriano,Grandes,19.162075,56.0851746,7,1,NA,NA,NA,NA
2020,Tacuarembó,Micro,32.0062408,11.6482315,3676,619,697,16.8389554,18.960827,83.1610446
2020,Tacuarembó,Pequeñas,25.0728836,15.2569885,411,8,7,1.946472,1.703163,98.053528
2020,Tacuarembó,Medianas,18.3391991,25.9185658,59,NA,NA,NA,NA,100
2020,Tacuarembó,Grandes,24.5816803,47.1762123,6,NA,NA,NA,NA,NA
2020,Treinta y Tres,Micro,38.9153633,14.2710543,1896,315,321,16.6139241,16.9303797,83.3860759
2020,Treinta y Tres,Pequeñas,30.5550137,20.3814697,230,3,1,1.3043478,0.4347826,98.6956522
2020,Treinta y Tres,Medianas,17.9865646,32.3889008,30,1,NA,3.3333333,NA,96.6666667
2020,Treinta y Tres,Grandes,12.5430517,32.9585762,3,NA,NA,NA,NA,NA
2019,Artigas,Micro,36.6099892,22.1336346,2347,393,459,16.7447806,19.5568811,83.2552194
2019,Artigas,Pequeñas,29.5364437,25.3363953,293,9,9,3.0716724,3.0716724,96.9283276
2019,Artigas,Medianas,20.9037819,34.4143524,42,NA,NA,NA,NA,100
2019,Artigas,Grandes,12.949785200000001,18.1156178,3,NA,NA,NA,NA,NA
2019,Canelones,Micro,28.7177391,8.8771973,20051,3658,4142,18.2434791,20.6573238,81.7565209
2019,Canelones,Pequeñas,24.792511,11.142518,2762,118,97,4.2722665,3.5119479,95.7277335
2019,Canelones,Medianas,24.4025211,26.5316334,582,14,11,2.4054983,1.8900344,97.5945017
2019,Canelones,Grandes,22.0872307,53.4486465,63,1,NA,NA,NA,NA
2019,Cerro Largo,Micro,28.8999519,15.9573545,2770,522,649,18.8447653,23.4296029,81.1552347
2019,Cerro Largo,Pequeñas,26.7260113,19.3728142,347,15,7,4.3227666,2.0172911,95.6772334
2019,Cerro Largo,Medianas,19.4920387,24.4286194,52,NA,NA,NA,NA,100
2019,Cerro Largo,Grandes,24.8819962,40.2412148,9,NA,NA,NA,NA,NA
2019,Colonia,Micro,28.5974216,5.5403023,6788,1022,1316,15.0559811,19.3871538,84.9440189
2019,Colonia,Pequeñas,24.902935,7.7551861,1026,43,46,4.1910331,4.4834308,95.8089669
2019,Colonia,Medianas,22.276371,13.1334524,181,1,2,0.5524862,1.1049724,99.4475138
2019,Colonia,Grandes,24.2232723,73.5710602,22,NA,1,NA,NA,NA
2019,Durazno,Micro,30.1711388,9.1908607,2031,296,392,14.5741014,19.300837,85.4258986
2019,Durazno,Pequeñas,26.8066101,12.688138,293,13,10,4.4368601,3.4129693,95.5631399
2019,Durazno,Medianas,19.5023956,14.766408,39,NA,NA,NA,NA,100
2019,Durazno,Grandes,23.5198574,63.3545952,6,NA,NA,NA,NA,NA
2019,Flores,Micro,33.625042,13.3308153,1132,200,215,17.6678445,18.9929329,82.3321555
2019,Flores,Pequeñas,30.9117966,21.0051632,160,8,3,5,1.875,95
2019,Flores,Medianas,16.5122375,21.9802647,21,1,NA,4.7619048,NA,95.2380952
2019,Flores,Grandes,18.9509258,43.6837578,5,NA,NA,NA,NA,NA
2019,Florida,Micro,32.9694443,11.6338043,2895,478,580,16.5112263,20.0345423,83.4887737
2019,Florida,Pequeñas,28.8937626,18.9200325,425,13,14,3.0588235,3.2941176,96.9411765
2019,Florida,Medianas,23.4405632,36.4723282,64,NA,NA,NA,NA,100
2019,Florida,Grandes,14.6962299,32.973835,4,NA,NA,NA,NA,NA
2019,Lavalleja,Micro,32.4437637,14.5284042,2306,346,457,15.0043365,19.8178664,84.9956635
2019,Lavalleja,Pequeñas,27.5196018,17.464613,342,16,13,4.6783626,3.8011696,95.3216374
2019,Lavalleja,Medianas,19.3183784,27.0175648,54,NA,NA,NA,NA,100
2019,Lavalleja,Grandes,20.7182617,40.9894142,6,NA,NA,NA,NA,NA
2019,Maldonado,Micro,25.4566364,12.1852169,10986,2124,2454,19.3336974,22.3375205,80.6663026
2019,Maldonado,Pequeñas,25.815897,16.5316792,1806,114,89,6.3122924,4.9280177,93.6877076
2019,Maldonado,Medianas,25.5739269,29.8161049,338,11,5,3.2544379,1.4792899,96.7455621
2019,Maldonado,Grandes,23.1535416,41.4670029,27,NA,2,NA,NA,NA
2019,Montevideo,Micro,17.1390915,2.3523405,76113,14016,14894,18.4147255,19.5682735,81.5852745
2019,Montevideo,Pequeñas,18.3828583,3.6804745,12944,443,437,3.4224351,3.3760816,96.5775649
2019,Montevideo,Medianas,21.8255424,10.5590897,3168,50,50,1.5782828,1.5782828,98.4217172
2019,Montevideo,Grandes,42.652504,83.4080963,660,4,4,NA,NA,NA
2019,Paysandú,Micro,29.8548794,11.2147636,4835,859,1094,17.7662875,22.6266805,82.2337125
2019,Paysandú,Pequeñas,27.8611584,15.3305101,705,38,31,5.3900709000000004,4.3971631,94.6099291
2019,Paysandú,Medianas,22.2056637,23.9472828,114,2,NA,1.754386,NA,98.245614
2019,Paysandú,Grandes,20.0782967,49.5074425,11,NA,NA,NA,NA,NA
2019,Río Negro,Micro,31.0845356,6.4774108,2427,427,590,17.5937371,24.3098475,82.4062629
2019,Río Negro,Pequeñas,27.6316586,9.1759968,330,14,13,4.2424242,3.9393939,95.7575758
2019,Río Negro,Medianas,20.3848343,22.444088,54,NA,NA,NA,NA,100
2019,Río Negro,Grandes,20.8989735,61.902504,8,NA,NA,NA,NA,NA
2019,Rivera,Micro,30.0990677,13.8911428,3277,633,754,19.316448,23.0088496,80.683552
2019,Rivera,Pequeñas,25.400322,14.9885998,387,14,11,3.6175711,2.8423773,96.3824289
2019,Rivera,Medianas,22.4625015,25.071228,72,NA,NA,NA,NA,100
2019,Rivera,Grandes,22.038105,46.0490303,6,NA,NA,NA,NA,NA
2019,Rocha,Micro,36.0495415,16.3670807,3747,724,783,19.3221244,20.8967174,80.6778756
2019,Rocha,Pequeñas,29.611496,22.2059612,486,37,17,7.6131687,3.4979424,92.3868313
2019,Rocha,Medianas,18.6331425,28.1995239,58,NA,NA,NA,NA,100
2019,Rocha,Grandes,15.705821,33.2274323,3,NA,NA,NA,NA,NA
2019,Salto,Micro,25.3417492,12.0648155,3815,673,911,17.6408912,23.8794233,82.3591088
2019,Salto,Pequeñas,26.0082493,16.2195263,572,28,24,4.8951049,4.1958042,95.1048951
2019,Salto,Medianas,26.2649746,28.2462406,127,NA,1,NA,0.7874016,100
2019,Salto,Grandes,22.3850327,43.4694138,14,NA,NA,NA,NA,NA
2019,San José,Micro,30.0828648,11.3462753,4621,793,866,17.1607877,18.7405324,82.8392123
2019,San José,Pequeñas,23.8407974,15.6034908,585,19,20,3.2478632,3.4188034,96.7521368
2019,San José,Medianas,21.2456303,27.0230503,97,NA,NA,NA,NA,100
2019,San José,Grandes,24.8307114,46.0271835,15,NA,NA,NA,NA,NA
2019,Soriano,Micro,32.3154907,8.9274807,3404,499,630,14.6592244,18.5076381,85.3407756
2019,Soriano,Pequeñas,28.6717167,14.2522831,487,14,14,2.8747433,2.8747433,97.1252567
2019,Soriano,Medianas,20.1911869,20.646637,78,1,1,1.2820513,1.2820513,98.7179487
2019,Soriano,Grandes,18.8216038,56.1736031,8,NA,NA,NA,NA,NA
2019,Tacuarembó,Micro,31.2258625,12.9800949,3575,607,861,16.979021,24.0839161,83.020979
2019,Tacuarembó,Pequeñas,24.6781616,15.3695803,419,14,12,3.3412888,2.8639618,96.6587112
2019,Tacuarembó,Medianas,18.3208523,23.7473259,64,1,NA,1.5625,NA,98.4375
2019,Tacuarembó,Grandes,25.7751198,47.9029961,6,NA,NA,NA,NA,NA
2019,Treinta y Tres,Micro,37.1560211,16.1290359,1933,375,405,19.3998965,20.9518883,80.6001035
2019,Treinta y Tres,Pequeñas,29.0026417,22.1155548,249,11,9,4.4176707,3.6144578,95.5823293
2019,Treinta y Tres,Medianas,20.7022495,30.9969883,39,NA,NA,NA,NA,100
2019,Treinta y Tres,Grandes,13.139082,30.7584209,3,NA,NA,NA,NA,NA
2018,Artigas,Micro,34.9309273,21.1332188,2270,418,584,18.4140969,25.7268722,81.5859031
2018,Artigas,Pequeñas,30.7433147,25.0381241,303,10,18,3.30033,5.9405941,96.69967
2018,Artigas,Medianas,22.1844902,38.5150223,68,NA,2,NA,2.9411765,100
2018,Artigas,Grandes,12.1412706,15.313633,3,NA,NA,NA,NA,NA
2018,Canelones,Micro,28.7212849,9.3008842,19238,3505,3843,18.2191496,19.976089,81.7808504
2018,Canelones,Pequeñas,24.8214111,11.3397694,2625,116,109,4.4190476,4.152381,95.5809524
2018,Canelones,Medianas,24.9221992,27.0225773,751,12,13,1.5978695,1.7310253,98.4021305
2018,Canelones,Grandes,21.5351009,52.3367729,123,2,NA,NA,NA,NA
2018,Cerro Largo,Micro,28.230278,16.3642597,2565,475,612,18.5185185,23.8596491,81.4814815
2018,Cerro Largo,Pequeñas,27.6376114,19.5285358,354,22,14,6.2146893,3.9548023,93.7853107
2018,Cerro Largo,Medianas,20.7094746,26.738834399999998,87,NA,NA,NA,NA,100
2018,Cerro Largo,Grandes,23.4226322,37.3683662,9,NA,NA,NA,NA,NA
2018,Colonia,Micro,28.1580029,8.2829409,6422,1016,1178,15.8206166,18.3431953,84.1793834
2018,Colonia,Pequeñas,25.2561054,11.1318693,977,51,44,5.2200614,4.5035824,94.7799386
2018,Colonia,Medianas,22.633152,20.6056099,269,3,1,1.1152416,0.3717472,98.8847584
2018,Colonia,Grandes,23.9527378,59.9795799,37,NA,NA,NA,NA,NA
2018,Durazno,Micro,30.0647469,9.3854752,1972,362,335,18.356998,16.9878296,81.643002
2018,Durazno,Pequeñas,27.4474392,12.1865978,290,5,10,1.7241379,3.4482759,98.2758621
2018,Durazno,Medianas,20.2498055,15.3085089,65,NA,NA,NA,NA,100
2018,Durazno,Grandes,22.2380066,63.1194153,10,1,NA,NA,NA,NA
2018,Flores,Micro,33.4043846,14.2548409,1110,206,183,18.5585586,16.4864865,81.4414414
2018,Flores,Pequeñas,31.275816,20.5889492,161,4,6,2.484472,3.7267081,97.515528
2018,Flores,Medianas,16.858633,19.9191017,29,NA,NA,NA,NA,100
2018,Flores,Grandes,18.4611683,45.2371063,9,NA,NA,NA,NA,NA
2018,Florida,Micro,32.8268509,11.7588358,2837,545,507,19.210433600000002,17.8709905,80.7895664
2018,Florida,Pequeñas,28.832283,18.6766796,408,19,17,4.6568627,4.1666667,95.3431373
2018,Florida,Medianas,22.9250374,37.2280083,107,2,1,1.8691589,0.9345794,98.1308411
2018,Florida,Grandes,15.4158344,32.3364792,11,NA,NA,NA,NA,NA
2018,Lavalleja,Micro,31.2439766,13.2073107,2184,355,421,16.2545788,19.2765568,83.7454212
2018,Lavalleja,Pequeñas,27.740881,15.808486,331,17,15,5.1359517,4.5317221,94.8640483
2018,Lavalleja,Medianas,19.0764198,25.0872345,80,NA,NA,NA,NA,100
2018,Lavalleja,Grandes,21.9387207,45.8969688,12,NA,NA,NA,NA,NA
2018,Maldonado,Micro,24.5310154,11.9368277,10381,1923,2199,18.524227,21.1829304,81.475773
2018,Maldonado,Pequeñas,25.5805893,17.2728062,1754,120,93,6.8415051,5.3021665,93.1584949
2018,Maldonado,Medianas,26.3545723,29.2985764,426,6,6,1.4084507,1.4084507,98.5915493
2018,Maldonado,Grandes,23.5338192,41.491787,42,NA,NA,NA,NA,NA
2018,Montevideo,Micro,17.0764122,2.3709512,74244,13707,13537,18.4620979,18.2331232,81.5379021
2018,Montevideo,Pequeñas,18.4732876,3.7302592,12459,500,487,4.0131632,3.9088209,95.9868368
2018,Montevideo,Medianas,22.037944799999998,10.3427582,4330,33,64,0.7621247,1.47806,99.2378753
2018,Montevideo,Grandes,42.4123535,83.5560303,1077,5,7,NA,NA,NA
2018,Paysandú,Micro,28.2980537,10.2976809,4437,745,829,16.7906243,18.6837954,83.2093757
2018,Paysandú,Pequeñas,28.0020847,14.6268215,682,30,33,4.398827,4.8387097,95.601173
2018,Paysandú,Medianas,21.7611389,23.5290565,168,1,1,0.5952381,0.5952381,99.4047619
2018,Paysandú,Grandes,21.9387264,51.5464401,26,2,NA,NA,NA,NA
2018,Río Negro,Micro,31.2428951,5.7339063,2262,429,474,18.9655172,20.9549072,81.0344828
2018,Río Negro,Pequeñas,29.4769974,8.3745556,291,5,11,1.7182131,3.7800687,98.2817869
2018,Río Negro,Medianas,21.2925377,18.9068623,86,1,1,1.1627907,1.1627907,98.8372093
2018,Río Negro,Grandes,17.9875698,66.9846725,14,NA,NA,NA,NA,NA
2018,Rivera,Micro,28.4107037,13.0917397,3036,538,765,17.7206851,25.1976285,82.2793149
2018,Rivera,Pequeñas,26.2363701,14.7996588,387,24,16,6.2015504,4.1343669,93.7984496
2018,Rivera,Medianas,23.624794,26.4202995,101,2,2,1.980198,1.980198,98.019802
2018,Rivera,Grandes,21.7281265,45.6883011,12,NA,NA,NA,NA,NA
2018,Rocha,Micro,35.2245827,16.8406353,3695,757,793,20.4871448,21.4614344,79.5128552
2018,Rocha,Pequeñas,29.8856449,22.955925,512,52,32,10.15625,6.25,89.84375
2018,Rocha,Medianas,19.7628632,27.0607452,83,NA,2,NA,2.4096386,100
2018,Rocha,Grandes,15.1269131,33.1426964,11,NA,NA,NA,NA,NA
2018,Salto,Micro,23.9613476,11.9063768,3553,693,724,19.504644,20.3771461,80.495356
2018,Salto,Pequeñas,26.1356544,17.3858814,588,32,19,5.4421769,3.2312925,94.5578231
2018,Salto,Medianas,26.0802155,29.0339222,153,1,2,0.6535948,1.3071895,99.3464052
2018,Salto,Grandes,23.8227844,41.6738205,25,NA,NA,NA,NA,NA
2018,San José,Micro,29.5967464,10.3641434,4524,797,795,17.617153,17.5729443,82.382847
2018,San José,Pequeñas,23.5772495,15.0800505,555,20,14,3.6036036,2.5225225,96.3963964
2018,San José,Medianas,21.4239292,25.2556858,152,NA,1,NA,0.6578947,100
2018,San José,Grandes,25.4020767,49.3001213,23,NA,NA,NA,NA,NA
2018,Soriano,Micro,31.5853539,10.5483799,3291,561,532,17.0464904,16.1652993,82.9535096
2018,Soriano,Pequeñas,29.573513,15.5161886,488,24,15,4.9180328,3.0737705,95.0819672
2018,Soriano,Medianas,19.263895,25.0997677,124,1,1,0.8064516,0.8064516,99.1935484
2018,Soriano,Grandes,19.5772362,48.8356667,18,NA,NA,NA,NA,NA
2018,Tacuarembó,Micro,30.2943821,9.6751642,3310,613,721,18.5196375,21.7824773,81.4803625
2018,Tacuarembó,Pequeñas,24.7592163,12.3904133,402,17,19,4.2288557,4.7263682,95.7711443
2018,Tacuarembó,Medianas,17.6415329,18.1035385,91,1,1,1.0989011,1.0989011,98.9010989
2018,Tacuarembó,Grandes,27.3048706,59.830883,14,NA,NA,NA,NA,NA
2018,Treinta y Tres,Micro,37.4066696,16.48493,1914,393,406,20.5329154,21.2121212,79.4670846
2018,Treinta y Tres,Pequeñas,29.8440113,21.8053398,237,8,8,3.3755274,3.3755274,96.6244726
2018,Treinta y Tres,Medianas,19.3559055,30.1531887,50,NA,NA,NA,NA,100
2018,Treinta y Tres,Grandes,13.3934135,31.5565472,8,NA,NA,NA,NA,NA
2017,Artigas,Micro,35.3998032,21.8459377,2081,368,403,17.6838059,19.3656896,82.3161941
2017,Artigas,Pequeñas,31.5965729,24.3004074,296,6,7,2.027027,2.3648649,97.972973
2017,Artigas,Medianas,23.3111267,37.1329651,39,NA,NA,NA,NA,100
2017,Artigas,Grandes,9.6924963,16.7206841,1,NA,NA,NA,NA,NA
2017,Canelones,Micro,28.3029346,9.3979216,18609,3166,3935,17.0132731,21.1456822,82.9867269
2017,Canelones,Pequeñas,25.0048733,11.8241358,2664,124,134,4.6546547,5.03003,95.3453453
2017,Canelones,Medianas,25.4137936,26.5397453,531,8,10,1.5065913,1.8832392,98.4934087
2017,Canelones,Grandes,21.2784004,52.2381973,45,NA,NA,NA,NA,NA
2017,Cerro Largo,Micro,27.4721546,15.8966522,2366,388,439,16.3989856,18.5545224,83.6010144
2017,Cerro Largo,Pequeñas,28.152422,19.262682,366,19,16,5.1912568,4.3715847,94.8087432
2017,Cerro Largo,Medianas,22.0539379,25.6154156,63,NA,1,NA,1.5873016,100
2017,Cerro Largo,Grandes,22.3214874,39.2252541,5,NA,NA,NA,NA,NA
2017,Colonia,Micro,27.7478657,8.2962074,6299,1021,1057,16.2089221,16.7804413,83.7910779
2017,Colonia,Pequeñas,25.5285416,11.4119358,1031,34,45,3.2977692,4.3646945,96.7022308
2017,Colonia,Medianas,21.5441132,20.3880653,180,4,1,2.2222222,0.5555556,97.7777778
2017,Colonia,Grandes,25.1794796,59.9037857,24,NA,NA,NA,NA,NA
2017,Durazno,Micro,31.3530331,9.0585289,2030,369,343,18.1773399,16.8965517,81.8226601
2017,Durazno,Pequeñas,27.4071217,11.2751589,294,11,19,3.7414966,6.462585,96.2585034
2017,Durazno,Medianas,18.7640495,16.7959461,43,NA,NA,NA,NA,100
2017,Durazno,Grandes,22.4757996,62.8703651,6,NA,NA,NA,NA,NA
2017,Flores,Micro,34.3900299,14.0336618,1096,158,176,14.4160584,16.0583942,85.5839416
2017,Flores,Pequeñas,31.5174255,21.360527,168,6,7,3.5714286,4.1666667,96.4285714
2017,Flores,Medianas,16.7663651,20.3382454,17,NA,NA,NA,NA,100
2017,Flores,Grandes,17.3261757,44.2675629,5,NA,NA,NA,NA,NA
2017,Florida,Micro,33.45298,12.0788946,2819,476,565,16.8854204,20.0425683,83.1145796
2017,Florida,Pequeñas,30.4328289,20.1944141,428,16,14,3.7383178,3.271028,96.2616822
2017,Florida,Medianas,21.9568081,39.1821404,63,NA,2,NA,3.1746032,100
2017,Florida,Grandes,14.1573877,28.544548,5,NA,NA,NA,NA,NA
2017,Lavalleja,Micro,31.2637291,13.6031408,2068,283,345,13.6847195,16.6827853,86.3152805
2017,Lavalleja,Pequeñas,27.8894463,16.3060131,338,17,15,5.0295858,4.4378698,94.9704142
2017,Lavalleja,Medianas,19.3738499,24.8486938,52,NA,NA,NA,NA,100
2017,Lavalleja,Grandes,21.4729786,45.2421494,7,NA,NA,NA,NA,NA
2017,Maldonado,Micro,24.6190319,11.6668262,9998,1787,2027,17.8735747,20.2740548,82.1264253
2017,Maldonado,Pequeñas,25.8949375,17.0321045,1817,126,116,6.9345074,6.3841497,93.0654926
2017,Maldonado,Medianas,25.9771919,30.9871902,325,5,16,1.5384615,4.9230769,98.4615385
2017,Maldonado,Grandes,23.5088406,40.3138809,26,1,1,NA,NA,NA
2017,Montevideo,Micro,16.8612404,2.260596,73295,11731,14839,16.0051845,20.2455829,83.9948155
2017,Montevideo,Pequeñas,18.5946789,3.5332115,13457,494,491,3.6709519,3.6486587,96.3290481
2017,Montevideo,Medianas,22.1947231,9.8426218,3293,46,43,1.3969025,1.3058002,98.6030975
2017,Montevideo,Grandes,42.3493576,84.3635635,667,8,6,NA,NA,NA
2017,Paysandú,Micro,27.4002151,8.7689743,4298,678,765,15.774779,17.7989763,84.225221
2017,Paysandú,Pequeñas,27.8178024,12.6399546,734,29,26,3.9509537,3.5422343,96.0490463
2017,Paysandú,Medianas,21.7513847,20.9427891,116,NA,NA,NA,NA,100
2017,Paysandú,Grandes,23.0305996,57.6482811,14,NA,NA,NA,NA,NA
2017,Río Negro,Micro,30.5621014,6.0274081,2232,454,459,20.3405018,20.5645161,79.6594982
2017,Río Negro,Pequeñas,28.9242268,9.3764048,331,13,9,3.9274924,2.7190332,96.0725076
2017,Río Negro,Medianas,20.2003384,21.7735672,48,1,NA,2.0833333,NA,97.9166667
2017,Río Negro,Grandes,20.3133373,62.8226204,8,NA,NA,NA,NA,NA
2017,Rivera,Micro,26.8509178,12.1255035,2741,485,507,17.6942722,18.4968989,82.3057278
2017,Rivera,Pequeñas,27.9013042,15.2842255,429,21,14,4.8951049,3.2634033,95.1048951
2017,Rivera,Medianas,22.4549274,28.753727,70,NA,NA,NA,NA,100
2017,Rivera,Grandes,22.7928467,43.8365402,7,NA,NA,NA,NA,NA
2017,Rocha,Micro,35.7551537,16.575552,3595,662,738,18.4144645,20.5285118,81.5855355
2017,Rocha,Pequeñas,30.1798248,22.1655178,511,42,33,8.2191781,6.4579256,91.7808219
2017,Rocha,Medianas,19.6793594,27.643858,61,NA,NA,NA,NA,100
2017,Rocha,Grandes,14.385664,33.6150703,3,NA,NA,NA,NA,NA
2017,Salto,Micro,24.1381817,10.9258289,3522,667,683,18.9381034,19.3923907,81.0618966
2017,Salto,Pequeñas,25.761173200000002,15.6707058,605,31,27,5.1239669,4.4628099,94.8760331
2017,Salto,Medianas,24.8470898,29.3419437,134,3,1,2.238806,0.7462687,97.761194
2017,Salto,Grandes,25.2535496,44.0615234,14,NA,NA,NA,NA,NA
2017,San José,Micro,29.4771919,10.5460281,4481,743,861,16.5811203,19.2144611,83.4188797
2017,San José,Pequeñas,24.4437847,15.7760162,594,23,14,3.8720539,2.3569024,96.1279461
2017,San José,Medianas,21.0623665,25.508049,104,4,1,3.8461538,0.9615385,96.1538462
2017,San José,Grandes,25.0166607,48.1699066,15,NA,NA,NA,NA,NA
2017,Soriano,Micro,30.4389725,8.7712107,3271,486,572,14.8578416,17.487007,85.1421584
2017,Soriano,Pequeñas,30.2301121,14.2157059,522,15,15,2.8735632,2.8735632,97.1264368
2017,Soriano,Medianas,20.0386486,20.9663506,76,1,NA,1.3157895,NA,98.6842105
2017,Soriano,Grandes,19.2922649,56.04673,7,NA,NA,NA,NA,NA
2017,Tacuarembó,Micro,30.1157932,13.1305246,3183,588,663,18.4731385,20.8294062,81.5268615
2017,Tacuarembó,Pequeñas,25.2796345,18.3933887,427,19,15,4.4496487,3.5128806,95.5503513
2017,Tacuarembó,Medianas,18.1735954,25.2576847,64,1,NA,1.5625,NA,98.4375
2017,Tacuarembó,Grandes,26.4309788,43.2184029,8,NA,NA,NA,NA,NA
2017,Treinta y Tres,Micro,37.1379013,15.066227,1823,298,419,16.3466813,22.9840922,83.6533187
2017,Treinta y Tres,Pequeñas,31.7030735,22.2937374,246,11,10,4.4715447,4.0650407,95.5284553
2017,Treinta y Tres,Medianas,17.606245,34.0906715,33,1,2,3.030303,6.0606061,96.969697
2017,Treinta y Tres,Grandes,13.5527821,28.5493622,3,NA,NA,NA,NA,NA
2016,Artigas,Micro,36.0671196,21.4271698,2032,356,399,17.519685,19.6358268,82.480315
2016,Artigas,Pequeñas,30.5570545,27.6750317,301,10,14,3.3222591,4.6511628,96.6777409
2016,Artigas,Medianas,21.5248585,37.5099411,44,NA,NA,NA,NA,100
2016,Artigas,Grandes,11.8509693,13.3878603,1,NA,NA,NA,NA,NA
2016,Canelones,Micro,30.4602299,9.4784908,17431,2773,3196,15.908439,18.33515,84.091561
2016,Canelones,Pequeñas,25.0696449,12.5192137,2748,131,133,4.7671033,4.8398836,95.2328967
2016,Canelones,Medianas,25.5215149,28.9715843,534,8,11,1.4981273,2.0599251,98.5018727
2016,Canelones,Grandes,18.9486065,49.0307121,51,NA,NA,NA,NA,NA
2016,Cerro Largo,Micro,27.7510834,15.2640724,2302,368,385,15.986099,16.7245873,84.013901
2016,Cerro Largo,Pequeñas,26.5745258,19.9759598,352,13,16,3.6931818,4.5454545,96.3068182
2016,Cerro Largo,Medianas,21.6466389,26.5059452,58,NA,2,NA,3.4482759,100
2016,Cerro Largo,Grandes,24.0277462,38.2540245,6,NA,NA,NA,NA,NA
2016,Colonia,Micro,29.4730816,7.890656,6210,988,1057,15.9098229,17.020934,84.0901771
2016,Colonia,Pequeñas,24.9680538,11.2818375,1029,36,32,3.4985423,3.1098154,96.5014577
2016,Colonia,Medianas,20.1206875,21.6511936,182,2,3,1.0989011,1.6483516,98.9010989
2016,Colonia,Grandes,25.438179,59.1763115,22,NA,NA,NA,NA,NA
2016,Durazno,Micro,32.7604637,9.5926647,1992,311,339,15.6124498,17.0180723,84.3875502
2016,Durazno,Pequeñas,26.4403648,12.2346239,301,16,11,5.3156146,3.654485,94.6843854
2016,Durazno,Medianas,19.2673721,18.3887424,36,NA,NA,NA,NA,100
2016,Durazno,Grandes,21.5317879,59.7839661,6,NA,1,NA,NA,NA
2016,Flores,Micro,34.6155853,13.1867561,1085,172,172,15.8525346,15.8525346,84.1474654
2016,Flores,Pequeñas,31.6897182,21.5968437,179,10,6,5.5865922,3.3519553,94.4134078
2016,Flores,Medianas,16.7225227,24.0165081,20,NA,NA,NA,NA,100
2016,Flores,Grandes,16.9721718,41.1998901,5,NA,NA,NA,NA,NA
2016,Florida,Micro,34.8640137,11.3083792,2742,491,515,17.9066375,18.781911,82.0933625
2016,Florida,Pequeñas,30.0362587,19.2533073,435,20,18,4.5977011,4.137931,95.4022989
2016,Florida,Medianas,20.1403522,36.5025024,63,NA,NA,NA,NA,100
2016,Florida,Grandes,14.9593725,32.9358139,4,NA,NA,NA,NA,NA
2016,Lavalleja,Micro,31.0167446,12.8587637,1997,279,291,13.9709564,14.5718578,86.0290436
2016,Lavalleja,Pequeñas,25.6419086,15.8431587,338,11,16,3.2544379,4.7337278,96.7455621
2016,Lavalleja,Medianas,20.1528416,24.9212856,58,1,1,1.7241379,1.7241379,98.2758621
2016,Lavalleja,Grandes,23.1885071,46.3767929,7,NA,NA,NA,NA,NA
2016,Maldonado,Micro,26.4986019,10.7525482,9609,1639,2028,17.0569258,21.1052139,82.9430742
2016,Maldonado,Pequeñas,26.5324669,15.6747141,1819,135,124,7.4216603,6.8169324,92.5783397
2016,Maldonado,Medianas,21.4457397,26.7017136,324,7,8,2.1604938,2.4691358,97.8395062
2016,Maldonado,Grandes,25.5231953,46.8710213,30,NA,1,NA,NA,NA
2016,Montevideo,Micro,17.6346416,2.1547267,68402,10364,10087,15.1516038,14.7466448,84.8483962
2016,Montevideo,Pequeñas,18.7061501,3.5314002,13694,538,525,3.9287279,3.8337958,96.0712721
2016,Montevideo,Medianas,22.3781872,10.1161232,3274,52,50,1.5882712,1.5271839,98.4117288
2016,Montevideo,Grandes,41.2810249,84.1977463,646,8,5,NA,NA,NA
2016,Paysandú,Micro,28.6697788,8.1972198,4246,733,751,17.2633066,17.687235,82.7366934
2016,Paysandú,Pequeñas,27.7189884,12.8463726,754,22,34,2.9177719,4.5092838,97.0822281
2016,Paysandú,Medianas,21.7996349,21.9554043,114,NA,NA,NA,NA,100
2016,Paysandú,Grandes,21.8115959,57.0010071,14,NA,NA,NA,NA,NA
2016,Río Negro,Micro,29.7431679,5.9442363,2166,410,408,18.9289012,18.8365651,81.0710988
2016,Río Negro,Pequeñas,27.9727764,9.4737759,357,14,11,3.9215686,3.0812325,96.0784314
2016,Río Negro,Medianas,19.7650814,21.3341293,48,2,3,4.1666667,6.25,95.8333333
2016,Río Negro,Grandes,22.518970499999998,63.2478561,7,NA,NA,NA,NA,NA
2016,Rivera,Micro,27.5918407,12.6407118,2733,503,475,18.4046835,17.3801683,81.5953165
2016,Rivera,Pequeñas,27.3685074,15.8543444,442,17,21,3.8461538,4.7511312,96.1538462
2016,Rivera,Medianas,19.8020267,29.8784161,70,NA,1,NA,1.4285714,100
2016,Rivera,Grandes,25.237627,41.6265259,8,NA,NA,NA,NA,NA
2016,Rocha,Micro,38.4252815,15.7549219,3560,693,796,19.4662921,22.3595506,80.5337079
2016,Rocha,Pequeñas,27.0041332,21.9722996,522,49,37,9.3869732,7.0881226,90.6130268
2016,Rocha,Medianas,17.6431999,28.5594006,60,1,NA,1.6666667,NA,98.3333333
2016,Rocha,Grandes,16.9273815,33.7133751,3,NA,NA,NA,NA,NA
2016,Salto,Micro,25.8845749,10.4799938,3427,595,667,17.3621243,19.4630872,82.6378757
2016,Salto,Pequeñas,25.4702606,15.6249485,590,18,21,3.0508475,3.559322,96.9491525
2016,Salto,Medianas,25.5124397,30.0505276,135,2,1,1.4814815,0.7407407,98.5185185
2016,Salto,Grandes,23.1327267,43.844532,17,NA,NA,NA,NA,NA
2016,San José,Micro,30.5578804,8.7667656,4321,702,770,16.2462393,17.8199491,83.7537607
2016,San José,Pequeñas,23.5277596,12.6076221,605,25,23,4.1322314,3.8016529,95.8677686
2016,San José,Medianas,21.7886353,21.5664711,107,1,1,0.9345794,0.9345794,99.0654206
2016,San José,Grandes,24.125721,57.0591393,16,NA,NA,NA,NA,NA
2016,Soriano,Micro,31.864006,8.4618549,3195,508,501,15.8998435,15.6807512,84.1001565
2016,Soriano,Pequeñas,30.1967621,14.5056667,523,13,23,2.4856597,4.3977055,97.5143403
2016,Soriano,Medianas,19.5132599,20.7897224,79,1,1,1.2658228,1.2658228,98.7341772
2016,Soriano,Grandes,18.425972,56.2427559,9,NA,NA,NA,NA,NA
2016,Tacuarembó,Micro,30.101202,12.6088457,3132,607,640,19.3805875,20.4342273,80.6194125
2016,Tacuarembó,Pequeñas,24.9949093,17.4171486,420,16,16,3.8095238,3.8095238,96.1904762
2016,Tacuarembó,Medianas,17.3598289,28.4381504,65,1,2,1.5384615,3.0769231,98.4615385
2016,Tacuarembó,Grandes,27.5440617,41.5358543,8,NA,NA,NA,NA,NA
2016,Treinta y Tres,Micro,39.3203926,13.9202023,1741,327,332,18.782309,19.0695003,81.217691
2016,Treinta y Tres,Pequeñas,32.3306313,23.9300995,243,10,11,4.1152263,4.526749,95.8847737
2016,Treinta y Tres,Medianas,14.7046623,38.8194389,34,1,2,2.9411765,5.8823529,97.0588235
2016,Treinta y Tres,Grandes,13.6443186,23.3302555,4,NA,NA,NA,NA,NA
2015,Artigas,Micro,33.0379066,21.1293201,2021,323,385,15.982187,19.0499753,84.017813
2015,Artigas,Pequeñas,28.9205093,27.9112911,250,15,13,6,5.2,94
2015,Artigas,Medianas,20.4920235,38.9709091,40,1,2,2.5,5,97.5
2015,Artigas,Grandes,17.5495605,11.9884825,3,NA,NA,NA,NA,NA
2015,Canelones,Micro,30.2007256,8.7553396,17276,2452,3148,14.1931003,18.2218106,85.8068997
2015,Canelones,Pequeñas,25.1887131,11.6606922,2108,91,129,4.316888,6.1195446,95.683112
2015,Canelones,Medianas,25.2256584,28.1232815,492,5,14,1.0162602,2.8455285,98.9837398
2015,Canelones,Grandes,19.384901,51.4606857,50,NA,1,NA,NA,NA
2015,Cerro Largo,Micro,27.2903786,13.9589882,2323,349,504,15.0236763,21.6960827,84.9763237
2015,Cerro Largo,Pequeñas,26.8670692,18.9433079,292,8,13,2.739726,4.4520548,97.260274
2015,Cerro Largo,Medianas,22.5075741,30.2459221,56,1,NA,1.7857143,NA,98.2142857
2015,Cerro Largo,Grandes,23.3349781,36.8517838,7,NA,NA,NA,NA,NA
2015,Colonia,Micro,28.4284649,7.0651069,6181,805,992,13.0237826,16.049183,86.9762174
2015,Colonia,Pequeñas,24.6220493,10.7194939,813,31,28,3.8130381,3.4440344,96.1869619
2015,Colonia,Medianas,19.213562,20.0633125,174,1,5,0.5747126,2.8735632,99.4252874
2015,Colonia,Grandes,27.7359238,62.152092,23,1,1,NA,NA,NA
2015,Durazno,Micro,30.9514465,9.0558929,2019,291,370,14.4130758,18.3259039,85.5869242
2015,Durazno,Pequeñas,25.1850128,12.5016775,225,6,4,2.6666667,1.7777778,97.3333333
2015,Durazno,Medianas,19.6364937,20.0130787,38,1,1,2.6315789,2.6315789,97.3684211
2015,Durazno,Grandes,24.2270451,58.4293556,5,NA,NA,NA,NA,NA
2015,Flores,Micro,32.9750519,11.1260462,1100,143,199,13,18.0909091,87
2015,Flores,Pequeñas,30.9809875,19.4034004,136,3,7,2.2058824,5.1470588,97.7941176
2015,Flores,Medianas,15.8542871,24.7189083,17,NA,NA,NA,NA,100
2015,Flores,Grandes,20.1896763,44.7516441,4,NA,NA,NA,NA,NA
2015,Florida,Micro,34.0966759,9.8350582,2735,422,473,15.4296161,17.294332699999998,84.5703839
2015,Florida,Pequeñas,30.9232731,19.0147915,351,13,16,3.7037037,4.5584046,96.2962963
2015,Florida,Medianas,20.1682854,34.4880676,62,1,1,1.6129032,1.6129032,98.3870968
2015,Florida,Grandes,14.8117685,36.6620865,4,NA,1,NA,NA,NA
2015,Lavalleja,Micro,30.3120899,12.6778631,2022,247,331,12.2156281,16.3699308,87.7843719
2015,Lavalleja,Pequeñas,26.1968994,15.2857332,270,12,11,4.4444444,4.0740741,95.5555556
2015,Lavalleja,Medianas,20.3483887,26.6101875,53,1,NA,1.8867925,NA,98.1132075
2015,Lavalleja,Grandes,23.142622,45.4262161,7,NA,NA,NA,NA,NA
2015,Maldonado,Micro,27.0647049,10.4035692,9447,1453,1913,15.3805441,20.2498148,84.6194559
2015,Maldonado,Pequeñas,27.4242153,15.74121,1426,88,114,6.171108,7.9943899,93.828892
2015,Maldonado,Medianas,22.1230793,29.2208214,283,9,13,3.180212,4.5936396,96.819788
2015,Maldonado,Grandes,23.3880024,44.6343994,25,1,NA,NA,NA,NA
2015,Montevideo,Micro,17.5137711,2.1554527,70935,9772,11078,13.7759921,15.6171143,86.2240079
2015,Montevideo,Pequeñas,18.6215801,3.6485586,11093,372,441,3.3534661,3.97548,96.6465339
2015,Montevideo,Medianas,22.3849277,10.8866539,3061,50,49,1.6334531,1.6007841,98.3665469
2015,Montevideo,Grandes,41.4797211,83.3093338,644,8,3,NA,NA,NA
2015,Paysandú,Micro,27.3672523,8.3407526,4292,639,921,14.888164,21.4585275,85.111836
2015,Paysandú,Pequeñas,27.3103848,12.9784956,593,20,24,3.3726813,4.0472175,96.6273187
2015,Paysandú,Medianas,21.6405888,23.7702713,107,1,2,0.9345794,1.8691589,99.0654206
2015,Paysandú,Grandes,23.681776,54.9104843,14,NA,NA,NA,NA,NA
2015,Río Negro,Micro,31.0558605,5.3958154,2149,320,446,14.8906468,20.753839,85.1093532
2015,Río Negro,Pequeñas,28.8337002,8.8161077,291,7,10,2.4054983,3.4364261,97.5945017
2015,Río Negro,Medianas,20.2232952,20.112463,40,NA,1,NA,2.5,100
2015,Río Negro,Grandes,19.8871479,65.675621,6,NA,NA,NA,NA,NA
2015,Rivera,Micro,27.7512894,11.9565344,2837,502,522,17.694748,18.399718,82.305252
2015,Rivera,Pequeñas,28.4724903,14.9662762,358,12,7,3.3519553,1.9553073,96.6480447
2015,Rivera,Medianas,22.9412556,34.0165901,73,2,3,2.739726,4.109589,97.260274
2015,Rivera,Grandes,20.8349648,39.0606003,6,NA,NA,NA,NA,NA
2015,Rocha,Micro,35.3638954,14.5888796,3374,495,734,14.6710136,21.754594,85.3289864
2015,Rocha,Pequeñas,26.7694435,22.2548504,387,17,26,4.3927649,6.7183463,95.6072351
2015,Rocha,Medianas,16.3835888,29.4610271,56,2,2,3.5714286,3.5714286,96.4285714
2015,Rocha,Grandes,21.4830742,33.6952438,5,1,1,NA,NA,NA
2015,Salto,Micro,24.6850376,9.7936201,3488,598,725,17.1444954,20.7855505,82.8555046
2015,Salto,Pequeñas,24.4325943,14.6021719,489,26,32,5.3169734,6.5439673,94.6830266
2015,Salto,Medianas,25.5990181,30.0915813,124,1,1,0.8064516,0.8064516,99.1935484
2015,Salto,Grandes,25.28335,45.5126305,15,NA,NA,NA,NA,NA
2015,San José,Micro,29.3353481,8.8539391,4286,603,773,14.0690621,18.0354643,85.9309379
2015,San José,Pequeñas,23.3487663,13.2995663,484,21,23,4.338843,4.7520661,95.661157
2015,San José,Medianas,23.1088428,24.9703579,109,7,5,6.4220183,4.587156,93.5779817
2015,San José,Grandes,24.2070408,52.8761368,17,NA,NA,NA,NA,NA
2015,Soriano,Micro,31.8781605,7.3081875,3276,484,546,14.7741148,16.6666667,85.2258852
2015,Soriano,Pequeñas,29.3686562,12.2516823,428,14,21,3.271028,4.9065421,96.728972
2015,Soriano,Medianas,21.3879929,19.876152,75,NA,2,NA,2.6666667,100
2015,Soriano,Grandes,17.3651924,60.5639801,6,NA,NA,NA,NA,NA
2015,Tacuarembó,Micro,29.1098804,11.0842142,3009,434,640,14.4233965,21.2695248,85.5766035
2015,Tacuarembó,Pequeñas,25.1843338,15.5425978,350,15,16,4.2857143,4.5714286,95.7142857
2015,Tacuarembó,Medianas,17.6185055,26.4025764,55,NA,1,NA,1.8181818,100
2015,Tacuarembó,Grandes,28.0872841,46.9706116,8,NA,NA,NA,NA,NA
2015,Treinta y Tres,Micro,34.3387756,13.8652945,1713,258,383,15.061296,22.3584355,84.938704
2015,Treinta y Tres,Pequeñas,28.8567276,22.8900814,204,13,16,6.372549,7.8431373,93.627451
2015,Treinta y Tres,Medianas,16.6417809,34.9792099,29,1,NA,3.4482759,NA,96.5517241
2015,Treinta y Tres,Grandes,20.1627102,28.2654171,4,NA,NA,NA,NA,NA
2014,Artigas,Micro,33.0925484,19.7440376,1928,365,389,18.9315353,20.1763485,81.0684647
2014,Artigas,Pequeñas,30.3902321,28.1415367,302,9,16,2.9801325,5.2980132,97.0198675
2014,Artigas,Medianas,18.9723091,40.3506927,46,1,1,2.173913,2.173913,97.826087
2014,Artigas,Grandes,17.5449123,11.763732,3,NA,NA,NA,NA,NA
2014,Canelones,Micro,30.3035488,9.4021645,16169,2790,3166,17.2552415,19.5806791,82.7447585
2014,Canelones,Pequeñas,25.5518188,12.7232533,2618,112,148,4.2780749,5.6531704,95.721925100000007
2014,Canelones,Medianas,24.8246479,28.3580875,547,7,21,1.2797075,3.8391225,98.7202925
2014,Canelones,Grandes,19.3199825,49.5164948,55,NA,3,NA,NA,NA
2014,Cerro Largo,Micro,25.3255577,13.3999987,2091,354,413,16.9296987,19.7513152,83.0703013
2014,Cerro Largo,Pequeñas,26.4511642,18.6963425,363,17,18,4.6831956,4.9586777,95.3168044
2014,Cerro Largo,Medianas,23.2810497,28.3405743,72,3,4,4.1666667,5.5555556,95.8333333
2014,Cerro Largo,Grandes,24.9422302,39.5630836,8,1,NA,NA,NA,NA
2014,Colonia,Micro,29.0818405,7.2134156,5875,916,1018,15.5914894,17.3276596,84.4085106
2014,Colonia,Pequeñas,25.9772491,11.4374132,1028,65,69,6.3229572,6.7120623,93.6770428
2014,Colonia,Medianas,20.0008202,22.1560268,205,4,13,1.9512195,6.3414634,98.0487805
2014,Colonia,Grandes,24.9400845,59.1931458,25,NA,1,NA,NA,NA
2014,Durazno,Micro,32.8587341,8.9334841,1893,322,360,17.010037,19.0174326,82.989963
2014,Durazno,Pequeñas,27.3940239,12.9263239,302,9,14,2.9801325,4.6357616,97.0198675
2014,Durazno,Medianas,19.9848862,18.6485405,46,1,1,2.173913,2.173913,97.826087
2014,Durazno,Grandes,19.7623501,59.4916534,5,NA,NA,NA,NA,NA
2014,Flores,Micro,33.933918,10.4649897,1043,183,178,17.5455417,17.0661553,82.4544583
2014,Flores,Pequeñas,32.2902298,19.0933323,163,8,9,4.9079755,5.5214724,95.0920245
2014,Flores,Medianas,16.8146496,24.5882473,27,NA,1,NA,3.7037037,100
2014,Flores,Grandes,16.9611988,45.8534317,6,NA,NA,NA,NA,NA
2014,Florida,Micro,33.1844521,9.9041452,2625,457,462,17.4095238,17.6,82.5904762
2014,Florida,Pequeñas,30.7693653,19.2278328,449,26,28,5.7906459,6.2360802,94.2093541
2014,Florida,Medianas,20.2849522,35.3630943,68,1,3,1.4705882,4.4117647,98.5294118
2014,Florida,Grandes,15.7612333,35.5049248,6,NA,NA,NA,NA,NA
2014,Lavalleja,Micro,30.4230652,12.238615,1879,273,315,14.5290048,16.7642363,85.4709952
2014,Lavalleja,Pequeñas,27.0861225,14.9745026,332,10,12,3.0120482,3.6144578,96.9879518
2014,Lavalleja,Medianas,22.0233784,26.9236031,70,3,2,4.2857143,2.8571429,95.7142857
2014,Lavalleja,Grandes,20.467432,45.8632774,8,NA,NA,NA,NA,NA
2014,Maldonado,Micro,26.2011185,10.4618521,9081,1939,1791,21.352274,19.7224975,78.647726
2014,Maldonado,Pequeñas,26.8461266,15.5828743,1730,119,109,6.8786127,6.300578,93.1213873
2014,Maldonado,Medianas,21.3547421,30.7900658,342,7,8,2.0467836,2.3391813,97.9532164
2014,Maldonado,Grandes,25.598011,43.1652031,28,NA,2,NA,NA,NA
2014,Montevideo,Micro,17.1172581,2.1371922,67926,10984,11004,16.1705385,16.1999823,83.8294615
2014,Montevideo,Pequeñas,18.240963,3.6407025,13677,549,657,4.0140382,4.803685,95.9859618
2014,Montevideo,Medianas,22.1240196,10.7031298,3671,86,134,2.3426859,3.6502315,97.6573141
2014,Montevideo,Grandes,42.517765,83.5189819,800,33,51,NA,NA,NA
2014,Paysandú,Micro,27.6551189,9.1721449,3830,631,787,16.4751958,20.5483029,83.5248042
2014,Paysandú,Pequeñas,27.7009697,15.0334854,737,34,33,4.6132972,4.4776119,95.3867028
2014,Paysandú,Medianas,23.0727158,25.702486,136,2,3,1.4705882,2.2058824,98.5294118
2014,Paysandú,Grandes,21.5711956,50.0918808,16,2,NA,NA,NA,NA
2014,Río Negro,Micro,32.3050957,5.9191055,1950,332,381,17.025641,19.5384615,82.974359
2014,Río Negro,Pequeñas,32.9189339,10.9802532,360,20,21,5.5555556,5.8333333,94.4444444
2014,Río Negro,Medianas,20.9485111,23.3739014,57,1,4,1.754386,7.0175439,98.245614
2014,Río Negro,Grandes,13.8274584,59.7267418,7,NA,NA,NA,NA,NA
2014,Rivera,Micro,28.2828751,10.104867,2745,544,581,19.8178506,21.1657559,80.1821494
2014,Rivera,Pequeñas,28.3252563,14.6932125,447,15,25,3.3557047,5.5928412,96.6442953
2014,Rivera,Medianas,26.3201637,28.7859039,96,NA,3,NA,3.125,100
2014,Rivera,Grandes,17.0717068,46.4160156,6,NA,1,NA,NA,NA
2014,Rocha,Micro,35.5275688,14.2590952,3238,733,692,22.6374305,21.3712168,77.3625695
2014,Rocha,Pequeñas,27.8650742,21.4931049,541,60,34,11.090573,6.284658,88.909427
2014,Rocha,Medianas,15.5280542,31.1753368,65,4,2,6.1538462,3.0769231,93.8461538
2014,Rocha,Grandes,21.0793018,33.072464,4,NA,NA,NA,NA,NA
2014,Salto,Micro,23.7664108,10.315753,3263,621,734,19.031566,22.4946368,80.968434
2014,Salto,Pequeñas,24.3752346,16.0576077,569,26,32,4.56942,5.6239016,95.43058
2014,Salto,Medianas,25.9194851,30.8713131,148,3,6,2.027027,4.0540541,97.972973
2014,Salto,Grandes,25.9388676,42.7553253,17,1,NA,NA,NA,NA
2014,San José,Micro,29.7508373,9.1185398,4128,738,832,17.877907,20.1550388,82.122093
2014,San José,Pequeñas,23.2799397,14.0314674,580,22,23,3.7931034,3.9655172,96.2068966
2014,San José,Medianas,23.8796101,25.5608788,127,1,4,0.7874016,3.1496063,99.2125984
2014,San José,Grandes,23.0896168,51.2891121,20,NA,1,NA,NA,NA
2014,Soriano,Micro,31.882679,6.6854939,3048,460,550,15.0918635,18.0446194,84.9081365
2014,Soriano,Pequeñas,28.268713,11.56565,551,18,28,3.2667877,5.0816697,96.7332123
2014,Soriano,Medianas,21.2649288,19.6571102,84,1,1,1.1904762,1.1904762,98.8095238
2014,Soriano,Grandes,18.5836811,62.0917473,11,NA,NA,NA,NA,NA
2014,Tacuarembó,Micro,29.3199596,12.4850454,2811,522,552,18.5699039,19.6371398,81.4300961
2014,Tacuarembó,Pequeñas,26.1820259,17.613142,416,20,27,4.8076923,6.4903846,95.1923077
2014,Tacuarembó,Medianas,17.2353706,29.4477615,65,NA,NA,NA,NA,100
2014,Tacuarembó,Grandes,27.26264,40.4540482,8,NA,1,NA,NA,NA
2014,Treinta y Tres,Micro,35.5721817,13.3493891,1543,258,280,16.720674,18.1464679,83.279326
2014,Treinta y Tres,Pequeñas,31.2495575,23.1194763,249,12,15,4.8192771,6.0240964,95.1807229
2014,Treinta y Tres,Medianas,14.8893366,35.6464119,31,NA,1,NA,3.2258065,100
2014,Treinta y Tres,Grandes,18.2889309,27.8847256,5,1,NA,NA,NA,NA
2013,Artigas,Micro,32.537632,20.3498116,1808,279,370,15.4314159,20.4646018,84.5685841
2013,Artigas,Pequeñas,30.7167664,27.9360924,285,18,18,6.3157895,6.3157895,93.6842105
2013,Artigas,Medianas,17.6036243,41.1039276,67,3,NA,4.4776119,NA,95.5223881
2013,Artigas,Grandes,19.1419754,10.6101637,3,NA,NA,NA,NA,NA
2013,Canelones,Micro,30.140274,9.5302811,15449,2501,3223,16.1887501,20.8621917,83.811249900000007
2013,Canelones,Pequeñas,25.6228313,13.0884228,2329,105,130,4.5083727,5.5817948,95.4916273
2013,Canelones,Medianas,24.8213215,29.9047623,769,7,12,0.9102731,1.5604681,99.0897269
2013,Canelones,Grandes,19.4155731,47.476532,45,NA,1,NA,NA,NA
2013,Cerro Largo,Micro,25.4726582,12.9894743,1950,292,365,14.974359,18.7179487,85.025641
2013,Cerro Largo,Pequeñas,26.7877693,18.8695278,354,13,20,3.6723164,5.6497175,96.3276836
2013,Cerro Largo,Medianas,22.2290955,28.5708313,87,NA,2,NA,2.2988506,100
2013,Cerro Largo,Grandes,25.5104713,39.5701637,8,NA,NA,NA,NA,NA
2013,Colonia,Micro,28.5437603,7.1610045,5627,822,1089,14.6081393,19.3531189,85.3918607
2013,Colonia,Pequeñas,25.8951893,11.3164883,946,47,62,4.9682875,6.5539112,95.0317125
2013,Colonia,Medianas,19.757019,21.2563953,299,6,4,2.006689,1.3377926,97.993311
2013,Colonia,Grandes,25.8040295,60.2661095,24,1,2,NA,NA,NA
2013,Durazno,Micro,31.9805431,9.1374388,1811,284,345,15.6819437,19.0502485,84.3180563
2013,Durazno,Pequeñas,27.2564106,13.7806282,269,9,5,3.3457249,1.8587361,96.6542751
2013,Durazno,Medianas,17.986557,19.5925274,70,NA,1,NA,1.4285714,100
2013,Durazno,Grandes,22.7764931,57.4894066,5,NA,NA,NA,NA,NA
2013,Flores,Micro,32.1177101,10.455368,996,151,156,15.1606426,15.6626506,84.8393574
2013,Flores,Pequeñas,31.4918289,19.9843197,166,5,3,3.0120482,1.8072289,96.9879518
2013,Flores,Medianas,18.1386642,25.8233948,39,NA,NA,NA,NA,100
2013,Flores,Grandes,18.2517929,43.7369194,3,NA,NA,NA,NA,NA
2013,Florida,Micro,33.4474449,10.8956099,2595,417,487,16.0693642,18.7668593,83.9306358
2013,Florida,Pequeñas,30.9470253,20.4602928,376,13,21,3.4574468,5.5851064,96.5425532
2013,Florida,Medianas,19.5243301,38.5541878,103,NA,NA,NA,NA,100
2013,Florida,Grandes,16.0811996,30.0899048,5,NA,NA,NA,NA,NA
2013,Lavalleja,Micro,30.5231171,13.0999117,1806,246,270,13.6212625,14.9501661,86.3787375
2013,Lavalleja,Pequeñas,27.91852,17.8273106,328,6,14,1.8292683,4.2682927,98.1707317
2013,Lavalleja,Medianas,20.6903439,27.3782196,71,2,2,2.8169014,2.8169014,97.1830986
2013,Lavalleja,Grandes,20.8680229,41.6945572,7,NA,NA,NA,NA,NA
2013,Maldonado,Micro,26.8371124,10.2687454,8887,1633,2059,18.3751547,23.1686733,81.6248453
2013,Maldonado,Pequeñas,28.1325874,16.08811,1640,125,135,7.6219512,8.2317073,92.3780488
2013,Maldonado,Medianas,22.6905785,29.0226631,450,12,17,2.6666667,3.7777778,97.3333333
2013,Maldonado,Grandes,22.3397274,44.6204796,21,NA,NA,NA,NA,NA
2013,Montevideo,Micro,17.4764633,2.0726087,66438,10251,11708,15.4294229,17.622445,84.5705771
2013,Montevideo,Pequeñas,18.8733139,3.500222,12656,525,687,4.1482301,5.4282554,95.8517699
2013,Montevideo,Medianas,22.350666,10.158061,5330,78,83,1.4634146,1.5572233,98.5365854
2013,Montevideo,Grandes,41.2995567,84.2691116,626,4,9,NA,NA,NA
2013,Paysandú,Micro,26.3663139,9.1264162,3611,560,692,15.5081695,19.1636666,84.4918305
2013,Paysandú,Pequeñas,26.9722176,15.4446793,629,19,32,3.0206677,5.0874404,96.9793323
2013,Paysandú,Medianas,21.4091034,24.785677,210,2,3,0.952381,1.4285714,99.047619
2013,Paysandú,Grandes,25.2523613,50.6432228,14,NA,1,NA,NA,NA
2013,Río Negro,Micro,29.6980705,6.3249774,1824,260,350,14.254386,19.1885965,85.745614
2013,Río Negro,Pequeñas,30.8510799,11.035758,335,15,17,4.4776119,5.0746269,95.5223881
2013,Río Negro,Medianas,17.3432465,23.9982567,71,1,NA,1.4084507,NA,98.5915493
2013,Río Negro,Grandes,22.1076069,58.6410103,6,NA,1,NA,NA,NA
2013,Rivera,Micro,28.0664616,9.7994251,2582,402,508,15.5693261,19.6746708,84.4306739
2013,Rivera,Pequeñas,27.7363529,14.784153,364,25,22,6.8681319,6.043956,93.1318681
2013,Rivera,Medianas,25.504459399999998,29.0692902,157,2,2,1.2738854,1.2738854,98.7261146
2013,Rivera,Grandes,18.6927319,46.347126,6,NA,NA,NA,NA,NA
2013,Rocha,Micro,35.7298546,13.6800604,3152,578,704,18.3375635,22.3350254,81.6624365
2013,Rocha,Pequeñas,29.1009865,23.2541389,484,49,39,10.1239669,8.0578512,89.8760331
2013,Rocha,Medianas,16.7985668,32.1993256,99,2,3,2.020202,3.030303,97.979798
2013,Rocha,Grandes,18.3705978,30.8664722,5,NA,NA,NA,NA,NA
2013,Salto,Micro,23.5385094,9.841094,3038,482,681,15.8657011,22.4160632,84.1342989
2013,Salto,Pequeñas,24.6365795,15.643199,530,30,26,5.6603774,4.9056604,94.3396226
2013,Salto,Medianas,24.7453613,32.0018387,158,3,8,1.8987342,5.0632911,98.1012658
2013,Salto,Grandes,27.079546,42.5138626,15,NA,NA,NA,NA,NA
2013,San José,Micro,30.9188614,8.7130804,3825,545,763,14.248366,19.9477124,85.751634
2013,San José,Pequeñas,24.170145,13.5100431,553,22,32,3.9783002,5.7866184,96.0216998
2013,San José,Medianas,21.6404667,24.4559879,160,NA,4,NA,2.5,100
2013,San José,Grandes,23.2705269,53.3208923,15,NA,NA,NA,NA,NA
2013,Soriano,Micro,32.4746399,5.8768158,2960,475,595,16.0472973,20.1013514,83.9527027
2013,Soriano,Pequeñas,27.2036171,10.5721846,498,28,22,5.62249,4.4176707,94.37751
2013,Soriano,Medianas,21.459938,16.7825775,146,1,NA,0.6849315,NA,99.3150685
2013,Soriano,Grandes,18.8618011,66.768425,8,NA,NA,NA,NA,NA
2013,Tacuarembó,Micro,28.6599941,12.2066488,2660,391,491,14.6992481,18.4586466,85.3007519
2013,Tacuarembó,Pequeñas,26.4835701,18.657135,353,20,20,5.6657224,5.6657224,94.3342776
2013,Tacuarembó,Medianas,15.9931316,29.812952,105,2,5,1.9047619,4.7619048,98.0952381
2013,Tacuarembó,Grandes,28.8633003,39.3232651,7,NA,NA,NA,NA,NA
2013,Treinta y Tres,Micro,34.0376663,13.7130651,1465,212,307,14.4709898,20.9556314,85.5290102
2013,Treinta y Tres,Pequeñas,31.8326988,25.6418648,240,12,10,5,4.1666667,95
2013,Treinta y Tres,Medianas,14.1376057,35.2346382,50,3,1,6,2,94
2013,Treinta y Tres,Grandes,19.9920216,25.4104366,5,NA,NA,NA,NA,NA
2012,Artigas,Micro,34.3155899,17.9395256,1666,225,299,13.5054022,17.9471789,86.4945978
2012,Artigas,Pequeñas,31.9798908,28.9557323,308,14,13,4.5454545,4.2207792,95.4545455
2012,Artigas,Medianas,15.9237108,47.440033,32,1,NA,3.125,NA,96.875
2012,Artigas,Grandes,17.7808094,5.6647067,3,NA,NA,NA,NA,NA
2012,Canelones,Micro,30.3236275,9.1514091,14471,2283,2887,15.7763803,19.9502453,84.2236197
2012,Canelones,Pequeñas,25.8158092,12.9489012,2647,145,162,5.4778995,6.120136,94.5221005
2012,Canelones,Medianas,24.258152,28.3061275,407,15,8,3.6855037,1.965602,96.3144963
2012,Canelones,Grandes,19.6024132,49.5935593,44,1,NA,NA,NA,NA
2012,Cerro Largo,Micro,26.2189369,11.8035631,1897,309,342,16.2888772,18.028466,83.7111228
2012,Cerro Largo,Pequeñas,27.3713703,18.4101677,384,21,18,5.46875,4.6875,94.53125
2012,Cerro Largo,Medianas,22.7764225,28.0872612,53,NA,4,NA,7.5471698,100
2012,Cerro Largo,Grandes,23.6332703,41.6990051,7,NA,NA,NA,NA,NA
2012,Colonia,Micro,27.4610214,6.8469009,5268,714,1004,13.5535308,19.0584662,86.4464692
2012,Colonia,Pequeñas,24.803709,11.515687,1054,60,55,5.6925996,5.2182163,94.3074004
2012,Colonia,Medianas,20.5402374,21.512167,168,11,4,6.547619,2.3809524,93.452381
2012,Colonia,Grandes,27.1950321,60.125248,19,NA,1,NA,NA,NA
2012,Durazno,Micro,32.8075104,6.5806146,1756,278,315,15.8314351,17.9384966,84.1685649
2012,Durazno,Pequeñas,28.2596416,10.3915968,298,8,13,2.6845638,4.3624161,97.3154362
2012,Durazno,Medianas,18.3358879,15.8368435,34,3,NA,8.8235294,NA,91.1764706
2012,Durazno,Grandes,20.5969563,67.1909485,5,NA,NA,NA,NA,NA
2012,Flores,Micro,35.564846,10.3445063,1055,206,175,19.5260664,16.5876777,80.4739336
2012,Flores,Pequeñas,32.7520981,19.7681446,182,8,4,4.3956044,2.1978022,95.6043956
2012,Flores,Medianas,18.9908409,22.5693092,19,NA,NA,NA,NA,100
2012,Flores,Grandes,12.6922197,47.3180389,4,NA,NA,NA,NA,NA
2012,Florida,Micro,34.3888855,8.8467331,2477,382,473,15.4218813,19.0956803,84.5781187
2012,Florida,Pequeñas,30.7865047,18.2804089,453,23,19,5.0772627,4.1942605,94.9227373
2012,Florida,Medianas,21.9393463,33.0102615,54,4,1,7.4074074,1.8518519,92.5925926
2012,Florida,Grandes,12.8852606,39.8625984,5,1,1,NA,NA,NA
2012,Lavalleja,Micro,31.2724991,12.3024569,1775,226,300,12.7323944,16.9014085,87.2676056
2012,Lavalleja,Pequeñas,26.5048676,17.9303703,341,20,14,5.8651026,4.1055718,94.1348974
2012,Lavalleja,Medianas,20.4091244,29.5701408,51,2,NA,3.9215686,NA,96.0784314
2012,Lavalleja,Grandes,21.8135128,40.1970329,6,NA,NA,NA,NA,NA
2012,Maldonado,Micro,26.7493534,9.6090984,8004,1374,1660,17.1664168,20.7396302,82.8335832
2012,Maldonado,Pequeñas,28.3999653,15.8560858,1959,157,155,8.014293,7.9122001,91.985707
2012,Maldonado,Medianas,22.744688,29.2866554,314,6,10,1.910828,3.1847134,98.089172
2012,Maldonado,Grandes,22.1059895,45.2481651,25,1,NA,NA,NA,NA
2012,Montevideo,Micro,17.4280567,2.1614623,65002,9990,12135,15.3687579,18.6686563,84.6312421
2012,Montevideo,Pequeñas,18.9714794,3.7103083,14952,657,666,4.394061,4.4542536,95.605939
2012,Montevideo,Medianas,22.0953503,10.4884186,2939,83,45,2.8240898,1.531133,97.1759102
2012,Montevideo,Grandes,41.5051117,83.6398163,604,21,4,NA,NA,NA
2012,Paysandú,Micro,26.8511791,8.6217937,3432,521,632,15.1806527,18.4149184,84.8193473
2012,Paysandú,Pequeñas,28.4487667,14.7733831,742,34,28,4.5822102,3.7735849,95.4177898
2012,Paysandú,Medianas,21.2628269,24.4189281,99,1,NA,1.010101,NA,98.989899
2012,Paysandú,Grandes,23.4372234,52.1858978,14,1,NA,NA,NA,NA
2012,Río Negro,Micro,31.2429218,5.663754,1766,280,344,15.8550396,19.4790487,84.1449604
2012,Río Negro,Pequeñas,31.6912498,10.5425997,350,17,16,4.8571429,4.5714286,95.1428571
2012,Río Negro,Medianas,18.4976349,23.2476578,40,4,NA,10,NA,90
2012,Río Negro,Grandes,18.5681953,60.5459862,5,NA,NA,NA,NA,NA
2012,Rivera,Micro,26.8803406,9.0716209,2457,403,557,16.4021164,22.6699227,83.5978836
2012,Rivera,Pequeñas,26.6142979,13.0852871,471,25,29,5.3078556,6.1571125,94.6921444
2012,Rivera,Medianas,27.5382347,28.7726917,69,2,1,2.8985507,1.4492754,97.1014493
2012,Rivera,Grandes,18.9671268,49.0704041,11,4,NA,NA,NA,NA
2012,Rocha,Micro,35.5186081,13.3379545,2985,588,665,19.6984925,22.278057,80.3015075
2012,Rocha,Pequeñas,29.6727619,23.7404289,621,81,61,13.0434783,9.8228663,86.9565217
2012,Rocha,Medianas,16.8445415,34.6497917,55,3,1,5.4545455,1.8181818,94.5454545
2012,Rocha,Grandes,17.9640884,28.2718277,6,1,NA,NA,NA,NA
2012,Salto,Micro,22.8289299,8.6572647,2786,450,612,16.1521895,21.9669777,83.8478105
2012,Salto,Pequeñas,24.3260269,14.0553999,598,30,33,5.0167224,5.5183946,94.9832776
2012,Salto,Medianas,24.6403885,29.960331,113,3,6,2.6548673,5.3097345,97.3451327
2012,Salto,Grandes,28.2046547,47.3270073,13,NA,NA,NA,NA,NA
2012,San José,Micro,31.5780716,8.9632845,3650,538,793,14.739726,21.7260274,85.260274
2012,San José,Pequeñas,24.7753735,14.3251448,573,25,31,4.3630017,5.4101222,95.6369983
2012,San José,Medianas,22.9581413,24.9639111,86,5,1,5.8139535,1.1627907,94.1860465
2012,San José,Grandes,20.6884136,51.7476578,9,NA,NA,NA,NA,NA
2012,Soriano,Micro,33.0336685,5.4868402,2785,386,481,13.8599641,17.2710952,86.1400359
2012,Soriano,Pequeñas,27.8589001,9.9088917,549,33,26,6.010929,4.7358834,93.989071
2012,Soriano,Medianas,22.1154404,18.671505,73,2,NA,2.739726,NA,97.260274
2012,Soriano,Grandes,16.991991,65.9327621,6,NA,NA,NA,NA,NA
2012,Tacuarembó,Micro,29.9011574,10.3973856,2496,349,455,13.9823718,18.2291667,86.0176282
2012,Tacuarembó,Pequeñas,27.4353485,16.8705368,431,20,20,4.6403712,4.6403712,95.3596288
2012,Tacuarembó,Medianas,13.8207893,30.5089073,40,2,2,5,5,95
2012,Tacuarembó,Grandes,28.842701,42.223175,7,1,NA,NA,NA,NA
2012,Treinta y Tres,Micro,35.0255737,12.2144585,1381,232,243,16.7994207,17.595945,83.2005793
2012,Treinta y Tres,Pequeñas,32.8354874,24.7045803,278,9,18,3.2374101,6.4748201,96.7625899
2012,Treinta y Tres,Medianas,12.8601608,37.8532944,22,2,2,9.0909091,9.0909091,90.9090909
2012,Treinta y Tres,Grandes,19.2787838,25.2276649,6,NA,NA,NA,NA,NA
2011,Artigas,Micro,35.593689,17.1827755,1644,254,311,15.4501217,18.9172749,84.5498783
2011,Artigas,Pequeñas,35.058857,28.9010048,283,11,11,3.8869258,3.8869258,96.1130742
2011,Artigas,Medianas,17.0493431,47.4927711,32,1,NA,3.125,NA,96.875
2011,Artigas,Grandes,12.2981129,6.4234509,2,NA,NA,NA,NA,NA
2011,Canelones,Micro,30.475029,8.9081669,14128,2289,2887,16.2018686,20.434598,83.7981314
2011,Canelones,Pequeñas,25.8829823,12.6892462,2261,94,126,4.1574525,5.5727554,95.8425475
2011,Canelones,Medianas,24.1354847,28.3715782,417,10,10,2.3980815,2.3980815,97.6019185
2011,Canelones,Grandes,19.506506,50.0310097,44,1,2,NA,NA,NA
2011,Cerro Largo,Micro,27.3715172,11.1929703,1911,307,385,16.0648875,20.1465201,83.9351125
2011,Cerro Largo,Pequeñas,26.8623676,17.7657185,330,12,16,3.6363636,4.8484848,96.3636364
2011,Cerro Largo,Medianas,22.1205597,28.4046459,54,NA,3,NA,5.5555556,100
2011,Cerro Largo,Grandes,23.6455517,42.6366653,7,NA,NA,NA,NA,NA
2011,Colonia,Micro,28.4289894,7.5437579,5069,690,946,13.6121523,18.6624581,86.3878477
2011,Colonia,Pequeñas,26.8376999,11.7568855,921,34,41,3.6916395,4.451683,96.3083605
2011,Colonia,Medianas,20.7798252,23.3090477,159,1,6,0.6289308,3.7735849,99.3710692
2011,Colonia,Grandes,23.9534836,57.3903084,18,2,2,NA,NA,NA
2011,Durazno,Micro,34.0913849,7.9839096,1736,277,321,15.9562212,18.4907834,84.0437788
2011,Durazno,Pequeñas,28.2161674,12.6811295,265,8,15,3.0188679,5.6603774,96.9811321
2011,Durazno,Medianas,18.3158207,18.5008907,35,NA,1,NA,2.8571429,100
2011,Durazno,Grandes,19.3766251,60.8340721,4,NA,1,NA,NA,NA
2011,Flores,Micro,34.4431267,10.2059174,1073,164,185,15.2842498,17.2413793,84.7157502
2011,Flores,Pequeñas,31.4631348,21.3039818,152,1,11,0.6578947,7.2368421,99.3421053
2011,Flores,Medianas,20.7114468,22.632494,18,NA,1,NA,5.5555556,100
2011,Flores,Grandes,13.3822956,45.8576088,4,NA,NA,NA,NA,NA
2011,Florida,Micro,34.1099663,9.6000872,2424,365,481,15.0577558,19.8432343,84.9422442
2011,Florida,Pequeñas,30.0047302,19.7817879,384,15,16,3.90625,4.1666667,96.09375
2011,Florida,Medianas,22.1827068,33.0298347,59,2,NA,3.3898305,NA,96.6101695
2011,Florida,Grandes,13.7025957,37.5882874,4,NA,NA,NA,NA,NA
2011,Lavalleja,Micro,31.5333347,12.3733091,1770,263,267,14.8587571,15.0847458,85.1412429
2011,Lavalleja,Pequeñas,27.4234772,18.5431366,303,10,16,3.30033,5.2805281,96.69967
2011,Lavalleja,Medianas,19.4445744,28.6134033,50,2,2,4,4,96
2011,Lavalleja,Grandes,21.5986137,40.47015,7,NA,1,NA,NA,NA
2011,Maldonado,Micro,26.7630672,9.5984182,7957,1405,1762,17.6574086,22.1440241,82.3425914
2011,Maldonado,Pequeñas,29.1033096,16.5579967,1735,129,132,7.4351585,7.6080692,92.5648415
2011,Maldonado,Medianas,23.397438,26.9309063,285,9,14,3.1578947,4.9122807,96.8421053
2011,Maldonado,Grandes,20.7361889,46.9126816,21,NA,1,NA,NA,NA
2011,Montevideo,Micro,17.3617153,2.1328468,63992,9577,12502,14.9659332,19.5368171,85.0340668
2011,Montevideo,Pequeñas,19.2512722,3.6653535,13285,526,653,3.9593527,4.915318,96.0406473
2011,Montevideo,Medianas,22.0827198,10.1487284,3078,65,87,2.1117609,2.8265107,97.8882391
2011,Montevideo,Grandes,41.3042946,84.0530701,602,9,10,NA,NA,NA
2011,Paysandú,Micro,26.770084399999998,8.537797,3419,540,636,15.7940918,18.6019304,84.2059082
2011,Paysandú,Pequeñas,27.0494366,14.9019461,650,24,32,3.6923077,4.9230769,96.3076923
2011,Paysandú,Medianas,21.7373333,25.3787365,110,3,3,2.7272727,2.7272727,97.2727273
2011,Paysandú,Grandes,24.4431458,51.1815224,14,NA,NA,NA,NA,NA
2011,Río Negro,Micro,32.0815849,5.7189288,1737,287,395,16.5227404,22.7403569,83.4772596
2011,Río Negro,Pequeñas,31.8456478,10.5106144,323,13,20,4.0247678,6.1919505,95.9752322
2011,Río Negro,Medianas,19.5590458,21.8828316,38,2,4,5.2631579,10.5263158,94.7368421
2011,Río Negro,Grandes,16.5137215,61.8876228,5,NA,NA,NA,NA,NA
2011,Rivera,Micro,25.3692532,8.6350508,2299,340,486,14.7890387,21.1396259,85.2109613
2011,Rivera,Pequeñas,26.1771355,13.2387037,397,13,15,3.2745592,3.7783375,96.7254408
2011,Rivera,Medianas,23.9750481,31.3610096,67,2,NA,2.9850746,NA,97.0149254
2011,Rivera,Grandes,24.4785671,46.7652321,11,NA,1,NA,NA,NA
2011,Rocha,Micro,35.7773857,13.4667282,3018,601,706,19.9138502,23.3929755,80.0861498
2011,Rocha,Pequeñas,30.9161816,23.251461,530,62,45,11.6981132,8.490566,88.3018868
2011,Rocha,Medianas,16.0511589,33.5061989,51,1,1,1.9607843,1.9607843,98.0392157
2011,Rocha,Grandes,17.2552719,29.7756119,5,NA,NA,NA,NA,NA
2011,Salto,Micro,24.122839,9.2979774,2699,452,551,16.7469433,20.4149685,83.2530567
2011,Salto,Pequeñas,25.1480961,14.833415,523,32,42,6.1185468,8.0305927,93.8814532
2011,Salto,Medianas,26.1001263,29.9625397,109,4,4,3.6697248,3.6697248,96.3302752
2011,Salto,Grandes,24.6289425,45.9060669,10,NA,NA,NA,NA,NA
2011,San José,Micro,31.6217155,8.998189,3411,498,710,14.5998241,20.8150103,85.4001759
2011,San José,Pequeñas,25.7267799,14.3520317,502,17,21,3.3864542,4.1832669,96.6135458
2011,San José,Medianas,22.6222,24.9466648,80,NA,3,NA,3.75,100
2011,San José,Grandes,20.0293045,51.7031097,11,1,2,NA,NA,NA
2011,Soriano,Micro,32.9932671,5.6560259,2757,378,489,13.710555,17.7366703,86.289445
2011,Soriano,Pequeñas,27.9050198,10.7495079,460,19,30,4.1304348,6.5217391,95.8695652
2011,Soriano,Medianas,22.4377365,18.3027592,71,NA,1,NA,1.4084507,100
2011,Soriano,Grandes,16.6639767,65.2917099,7,NA,1,NA,NA,NA
2011,Tacuarembó,Micro,31.982235,10.9741182,2486,413,459,16.613033,18.463395,83.386967
2011,Tacuarembó,Pequeñas,28.7490597,18.4799576,387,16,17,4.1343669,4.3927649,95.8656331
2011,Tacuarembó,Medianas,12.7880259,29.8230934,40,1,1,2.5,2.5,97.5
2011,Tacuarembó,Grandes,26.4806747,40.7228317,7,1,NA,NA,NA,NA
2011,Treinta y Tres,Micro,36.6379356,12.536273,1412,241,281,17.0679887,19.9008499,82.9320113
2011,Treinta y Tres,Pequeñas,32.4428062,23.9189377,234,9,12,3.8461538,5.1282051,96.1538462
2011,Treinta y Tres,Medianas,12.867342,38.7398529,22,NA,NA,NA,NA,100
2011,Treinta y Tres,Grandes,18.0519104,24.8049355,5,NA,NA,NA,NA,NA
